region,district_id,district name,precinct_id,special precinct,possible voters,special voters,votes by 12,votes by 17,ballots signed for,num ballots,invalid votes,valid votes,logic check,logic check2,logic check,logic check2,logic check,logic check2,2 - European Georgia,3 - Democratic Movement - Free Georgia,5 - United National Movement,8 - Alliance of Patriots,10 - Labour,11 - National Democratic Party of Georgia,14 - Georgian Unity and Development Party,17 - Georgia,18 - Union of Georgian Traditionalists,20 - National Forum,23 - New Christian Democrats,27 - Unity - New Georgia,28 - Lord Our Righteousness,38 - Party of People,39 - Progressive Democratic Movement,41 - Georgian Dream,42 - Initiative Group
,1,,1,,1348,8,147,460,582,1250,12,570,,,,,,,42,5,76,16,2,0,,2,0,2,,16,,,1,284,124
,1,,2,,1250,11,183,446,546,1150,11,535,,,,,,,29,6,95,19,3,0,,0,0,0,,15,,,0,240,128
,1,,3,,1473,8,203,523,644,1350,11,633,,,,,,,46,8,127,13,2,2,,0,0,0,,15,,,3,294,123
,1,,4,,1174,9,162,407,502,1100,16,486,,,,,,,28,9,67,14,5,0,,1,1,0,,7,,,0,257,97
,1,,5,,1499,8,165,437,576,1400,17,559,,,,,,,26,7,83,14,6,0,,4,0,1,,8,,,0,308,102
,1,,6,,1454,128,205,583,771,1450,31,723,,,,,,,44,14,82,19,6,0,,0,0,7,,15,,,0,383,153
,1,,7,,1391,11,188,485,617,1300,22,596,,,,,,,30,12,106,12,7,1,,1,0,1,,13,,,1,301,111
,1,,8,,1126,10,124,336,467,1050,20,447,,,,,,,22,8,53,11,3,0,,0,0,0,,11,,,0,242,97
,1,,9,,1420,9,209,504,660,1300,15,645,,,,,,,38,13,92,12,2,0,,0,0,2,,7,,,0,312,167
,1,,10,,1519,7,225,564,740,1400,11,729,,,,,,,49,11,105,26,5,1,,0,0,6,,17,,,0,361,148
,1,,11,,1553,12,236,571,685,1400,17,668,,,,,,,54,13,109,11,5,0,,0,0,2,,13,,,1,299,161
,1,,12,,1524,6,184,560,709,1400,23,687,,,,,,,57,7,98,26,2,0,,0,1,0,,11,,,0,328,157
,1,,13,,1307,7,208,494,599,1200,11,588,,,,,,,35,6,68,16,3,0,,0,1,1,,24,,,0,349,85
,1,,14,,1167,6,176,420,554,1050,8,545,,,,,,,41,8,78,15,2,1,,0,0,0,,9,,,0,286,105
,1,,15,,1359,8,215,535,702,1250,20,682,,,,,,,42,15,90,23,4,0,,0,0,2,,23,,,0,362,121
,1,,16,,1476,11,216,576,731,1350,17,713,,,,,,,50,10,109,24,10,1,,0,1,1,,17,,,1,328,161
,1,,17,,977,10,112,347,435,900,10,425,,,,,,,28,10,62,4,1,0,,0,0,1,,11,,,1,223,84
,1,,18,,1091,10,141,404,513,1000,13,498,,,,,,,44,4,73,18,4,1,,0,0,0,,13,,,0,245,96
,1,,19,,1445,9,187,513,662,1350,16,646,,,,,,,37,7,110,11,1,0,,3,1,1,,18,,,0,334,123
,1,,20,,1336,11,185,496,633,1200,20,613,,,,,,,111,11,63,7,4,1,,0,0,2,,7,,,1,285,121
,1,,21,,1465,9,210,530,717,1350,28,689,,,,,,,67,6,120,17,3,0,,0,1,1,,17,,,0,313,144
,1,,22,,1540,13,189,580,772,1450,16,756,,,,,,,28,8,125,12,5,0,,1,0,3,,17,,,0,397,160
,1,,23,,1433,12,197,564,716,1350,12,702,,,,,,,48,8,114,24,3,0,,0,0,1,,22,,,1,348,133
,1,,24,,1437,7,227,516,709,1350,19,689,,,,,,,51,8,112,16,4,0,,0,0,1,,14,,,1,362,120
,1,,25,,1157,8,154,431,535,1050,10,525,,,,,,,63,8,70,10,6,0,,1,0,4,,11,,,1,261,90
,1,,26,,1466,10,204,571,647,1350,14,633,,,,,,,53,5,87,18,1,0,,1,0,6,,9,,,0,333,120
,1,,27,,1542,14,210,569,749,1450,24,725,,,,,,,43,11,100,17,12,0,,0,0,6,,15,,,1,390,130
,1,,28,,1359,8,201,518,705,1250,13,692,,,,,,,45,10,85,26,3,0,,0,0,4,,10,,,2,336,171
,1,,29,,1494,10,230,590,738,1400,20,719,,,,,,,54,4,81,21,2,0,,0,0,0,,19,,,1,384,153
,1,,30,,1335,7,186,525,673,1250,18,655,,,,,,,38,9,63,17,3,0,,1,0,3,,15,,,0,383,123
,1,,31,,1434,5,185,544,706,1350,15,692,,,,,,,48,13,78,17,4,0,,0,0,1,,11,,,0,380,140
,1,,32,,1581,3,254,623,821,1500,22,799,,,,,,,43,10,173,21,4,0,,1,1,1,,4,,,5,440,96
,1,,33,,1382,10,172,470,600,1250,13,587,,,,,,,44,9,82,18,4,0,,0,0,1,,18,,,1,288,122
,1,,35,,1291,27,215,566,689,1250,21,650,,,,,,,44,9,89,27,10,0,,2,0,0,,6,,,1,415,47
,1,,36,,307,4,68,163,190,300,2,188,,,,,,,15,3,23,3,1,0,,0,0,0,,0,,,0,124,19
,1,,37,,1638,3,384,811,1047,1500,24,1023,,,,,,,34,1,131,25,8,0,,0,0,0,,5,,,1,740,78
,1,,38,,987,3,233,459,586,950,20,566,,,,,,,19,6,197,10,3,0,,0,0,0,,2,,,0,277,52
,1,,39,,1293,1,305,698,870,1250,11,859,,,,,,,36,2,138,17,8,0,,0,0,0,,6,,,1,596,55
,2,,1,,1373,10,186,604,750,1300,17,733,,,,,,,36,11,98,11,8,1,,0,1,2,,16,,,1,400,148
,2,,2,,1355,11,105,503,734,1300,16,718,,,,,,,38,9,67,8,2,0,,0,2,1,,20,,,0,402,169
,2,,3,,1454,11,206,569,755,1350,15,740,,,,,,,40,4,90,11,1,0,,0,1,1,,28,,,1,430,133
,2,,4,,1417,12,164,588,750,1350,24,726,,,,,,,42,13,80,8,2,0,,0,0,3,,24,,,1,387,166
,2,,5,,1526,11,183,617,828,1450,14,815,,,,,,,48,9,94,10,3,0,,0,1,3,,22,,,0,451,174
,2,,6,,1308,12,190,509,703,1200,11,692,,,,,,,50,3,86,9,3,1,,0,0,2,,19,,,1,375,143
,2,,7,,1019,8,125,400,528,950,17,513,,,,,,,47,7,69,4,4,0,,0,0,5,,14,,,0,267,96
,2,,8,,1272,8,189,465,580,1200,17,563,,,,,,,56,11,67,14,2,0,,2,0,0,,17,,,2,295,97
,2,,9,,1217,10,129,440,559,1150,15,542,,,,,,,36,3,48,13,1,1,,0,0,1,,13,,,3,310,113
,2,,10,,1312,6,155,541,664,1200,12,651,,,,,,,34,11,80,14,3,0,,1,1,2,,14,,,1,362,128
,2,,11,,1296,10,183,515,656,1200,25,630,,,,,,,46,4,87,10,3,2,,1,0,3,,17,,,1,319,137
,2,,12,,1397,8,198,583,773,1300,23,749,,,,,,,59,10,66,10,6,0,,0,1,1,,24,,,1,397,174
,2,,13,,1473,7,252,614,775,1400,22,743,,,,,,,36,9,98,19,3,0,,1,0,0,,20,,,0,407,150
,2,,14,,1488,12,215,643,782,1400,19,762,,,,,,,34,6,112,17,4,0,,1,0,4,,27,,,1,397,159
,2,,15,,1424,8,0,0,727,1350,21,705,,,,,,,49,9,66,27,2,0,,0,0,2,,20,,,1,370,159
,2,,16,,1215,10,126,379,509,1150,9,498,,,,,,,30,3,70,16,2,0,,3,12,1,,14,,,0,224,123
,2,,17,,1149,6,163,430,530,1050,24,506,,,,,,,61,5,84,6,3,0,,0,0,3,,22,,,1,217,104
,2,,18,,1421,9,231,574,698,1350,23,674,,,,,,,42,13,100,16,9,0,,0,0,7,,17,,,1,329,140
,2,,19,,758,8,127,301,328,700,6,322,,,,,,,12,2,87,9,2,0,,1,2,0,,4,,,1,165,37
,2,,20,,380,3,73,168,208,400,7,201,,,,,,,25,3,37,8,1,1,,1,0,0,,8,,,0,94,23
,2,,22,,1103,9,141,351,471,1000,8,463,,,,,,,17,9,64,12,1,1,,1,0,3,,11,,,2,255,87
,2,,23,,1463,7,225,571,725,1400,16,707,,,,,,,28,5,96,19,2,0,,0,0,2,,12,,,0,359,184
,2,,24,,1610,9,281,627,776,1500,13,757,,,,,,,35,3,118,14,10,0,,2,1,2,,30,,,0,397,145
,2,,25,,1428,11,230,572,738,1350,15,723,,,,,,,39,11,92,17,6,0,,0,1,5,,21,,,0,375,156
,2,,26,,847,7,131,335,437,750,20,411,,,,,,,27,4,65,16,3,0,,0,0,0,,16,,,0,191,89
,2,,27,,1342,12,203,543,666,1250,20,645,,,,,,,38,11,97,23,8,0,,1,0,2,,19,,,1,291,154
,2,,28,,1351,7,203,525,700,1300,20,680,,,,,,,38,7,100,12,8,0,,1,0,1,,19,,,0,359,135
,2,,29,,1309,8,204,525,671,1250,17,654,,,,,,,41,14,100,14,5,0,,0,0,2,,16,,,1,321,140
,2,,30,,1297,6,185,487,617,1200,19,598,,,,,,,38,8,97,10,4,0,,0,0,2,,23,,,0,295,121
,2,,31,,1168,8,211,497,603,1100,16,588,,,,,,,35,6,76,11,8,1,,3,0,2,,20,,,0,319,107
,2,,32,,1203,8,168,466,587,1100,12,575,,,,,,,42,5,99,12,3,0,,0,0,4,,16,,,0,242,152
,2,,33,,1202,2,177,435,546,1150,12,534,,,,,,,32,6,62,13,2,0,,0,0,3,,17,,,1,273,125
,2,,34,,1340,12,211,496,660,1250,8,652,,,,,,,36,10,80,30,2,0,,0,0,1,,20,,,1,317,155
,2,,35,,1129,12,158,416,533,1050,17,516,,,,,,,40,7,70,11,2,0,,0,0,0,,20,,,0,259,107
,2,,36,,1281,6,204,522,645,1200,18,627,,,,,,,24,7,96,18,4,1,,0,0,4,,12,,,2,307,152
,2,,37,,1310,10,184,497,637,1250,14,623,,,,,,,29,9,106,24,4,0,,0,0,0,,18,,,3,300,130
,2,,38,,1240,9,165,455,552,1150,21,531,,,,,,,32,4,64,14,3,0,,0,0,2,,8,,,1,254,149
,2,,39,,1582,8,192,566,732,1500,17,715,,,,,,,39,8,96,17,5,0,,0,0,3,,19,,,0,357,171
,2,,40,,1408,19,202,562,723,1350,16,702,,,,,,,40,8,102,13,7,0,,0,4,0,,28,,,0,370,130
,2,,41,,932,8,121,362,426,850,5,421,,,,,,,21,9,65,13,5,0,,1,1,0,,17,,,0,191,98
,2,,42,,1335,8,239,521,663,1250,20,643,,,,,,,50,7,104,19,5,0,,0,0,0,,16,,,1,272,169
,2,,43,,1444,5,209,516,665,1350,26,637,,,,,,,44,8,95,15,10,0,,0,0,4,,18,,,0,287,156
,2,,44,,1519,7,220,625,783,1400,18,764,,,,,,,42,11,115,24,4,0,,0,1,1,,8,,,1,405,152
,2,,45,,1343,8,195,520,653,1250,24,629,,,,,,,38,11,99,23,3,0,,1,0,3,,17,,,0,278,156
,2,,46,,1198,6,131,489,625,1100,25,600,,,,,,,35,14,77,15,8,0,,0,0,2,,7,,,0,299,143
,2,,47,,1393,10,246,598,713,1300,14,698,,,,,,,32,9,78,24,7,1,,0,0,1,,17,,,1,399,129
,2,,48,,1175,5,180,480,597,1100,14,583,,,,,,,33,10,63,15,1,1,,0,1,0,,14,,,1,326,118
,2,,49,,1473,11,200,570,728,1400,24,702,,,,,,,52,10,80,10,5,0,,0,0,4,,21,,,1,358,161
,2,,50,,1438,9,168,609,755,1350,18,736,,,,,,,46,12,82,24,3,0,,0,2,5,,12,,,0,412,138
,2,,51,,1532,8,182,603,786,1450,16,770,,,,,,,42,2,76,18,5,3,,1,0,9,,22,,,0,461,131
,2,,52,,1154,11,140,514,637,1050,13,623,,,,,,,49,7,76,7,3,0,,0,0,2,,30,,,0,318,131
,2,,53,,1488,2,145,426,589,1400,12,577,,,,,,,30,9,84,18,15,0,,1,0,2,,8,,,1,305,104
,2,,54,,1095,9,138,457,545,1000,11,534,,,,,,,35,9,76,14,4,2,,1,0,1,,19,,,0,253,120
,2,,55,,1328,11,174,479,610,1250,9,600,,,,,,,27,8,89,11,4,0,,4,1,3,,15,,,3,294,141
,2,,56,,1527,5,181,470,601,1400,15,586,,,,,,,40,4,104,11,2,2,,0,0,1,,13,,,0,294,115
,2,,57,,1201,7,137,428,592,1100,11,581,,,,,,,52,17,79,12,5,0,,0,0,4,,20,,,0,241,151
,2,,58,,1425,9,268,555,691,1350,13,678,,,,,,,48,14,103,21,4,1,,0,0,3,,23,,,0,347,114
,2,,59,,1381,11,202,529,652,1300,8,644,,,,,,,21,7,83,20,2,0,,0,3,3,,14,,,0,321,170
,2,,60,,1499,10,257,640,771,1400,29,742,,,,,,,27,14,100,16,1,0,,0,0,5,,10,,,0,404,165
,2,,61,,1463,6,225,536,723,1400,20,703,,,,,,,31,5,85,21,2,3,,1,0,3,,11,,,0,385,156
,2,,62,,1156,8,160,442,551,1100,8,541,,,,,,,26,6,82,5,4,0,,0,0,0,,14,,,1,243,160
,2,,63,,1240,10,154,456,567,1150,22,545,,,,,,,34,11,102,11,4,0,,0,0,1,,14,,,1,269,98
,2,,64,,1174,9,170,462,561,1100,19,542,,,,,,,33,7,84,11,4,0,,0,0,2,,13,,,1,266,121
,2,,65,,1066,7,137,326,395,1000,10,385,,,,,,,34,5,90,3,3,0,,1,0,0,,7,,,0,182,60
,2,,66,,1294,9,256,571,684,1250,16,668,,,,,,,95,5,51,17,8,1,,0,3,0,,9,,,0,393,86
,2,,67,,1022,7,184,416,588,950,19,569,,,,,,,78,11,59,11,2,0,,0,0,0,,0,,,0,358,50
,2,,68,,1304,4,253,475,578,1200,17,561,,,,,,,118,1,73,12,7,0,,0,0,0,,4,,,6,308,32
,2,,69,,1102,5,204,466,555,1050,17,538,,,,,,,60,6,76,11,3,0,,0,0,1,,4,,,0,332,45
,2,,70,,991,8,142,331,440,900,11,429,,,,,,,57,5,81,8,2,0,,0,0,2,,4,,,0,228,42
,2,,71,,1394,4,147,416,540,1250,16,523,,,,,,,24,8,86,15,2,0,,0,0,0,,7,,,3,305,73
,2,,72,,870,8,113,343,445,800,14,431,,,,,,,27,6,68,11,3,0,,0,0,0,,13,,,5,204,94
,2,,73,,1055,6,197,390,480,1000,12,466,,,,,,,19,7,77,17,5,0,,0,0,1,,11,,,0,245,84
,2,,74,,875,10,150,370,454,800,12,441,,,,,,,27,4,64,6,6,0,,0,0,0,,6,,,0,218,110
,2,,75,,922,5,178,405,469,850,13,456,,,,,,,29,4,44,9,3,0,,0,0,0,,0,,,0,326,41
,2,,76,,1158,11,130,464,604,1100,22,581,,,,,,,32,7,51,13,4,0,,0,0,5,,16,,,1,297,155
,2,,78,,942,22,123,334,429,900,12,417,,,,,,,20,3,53,7,3,1,,0,0,1,,16,,,0,209,104
,2,,79,,972,8,123,267,336,900,7,329,,,,,,,27,9,79,8,1,0,,0,1,1,,3,,,0,167,33
,2,,80,,498,13,75,210,250,500,7,248,,,,,,,17,9,42,4,2,0,,0,0,1,,3,,,1,122,47
,3,,1,,1520,10,252,585,728,1400,20,708,,,,,,,49,6,107,17,7,0,,0,0,5,,18,,,1,358,140
,3,,2,,1522,10,205,610,814,1450,21,786,,,,,,,49,15,112,18,10,0,,3,0,3,,33,,,1,389,153
,3,,3,,1388,11,172,533,678,1300,21,654,,,,,,,59,9,82,15,4,0,,1,0,6,,8,,,0,330,140
,3,,4,,1347,10,216,470,575,1250,14,558,,,,,,,43,5,64,14,5,1,,0,1,3,,12,,,0,281,129
,3,,5,,1544,6,239,585,751,1450,17,734,,,,,,,44,5,140,11,4,0,,0,2,2,,15,,,0,391,120
,3,,6,,1178,10,189,471,612,1100,13,598,,,,,,,35,5,77,7,3,0,,2,0,1,,18,,,1,312,137
,3,,7,,1551,11,180,580,771,1450,17,754,,,,,,,55,7,82,16,5,1,,1,0,2,,14,,,0,377,194
,3,,8,,1435,5,214,530,648,1300,6,641,,,,,,,35,6,87,11,5,0,,5,0,0,,11,,,0,367,114
,3,,9,,1504,9,242,668,877,1450,18,859,,,,,,,30,10,115,15,1,0,,0,1,6,,24,,,0,445,212
,3,,10,,1376,9,233,590,743,1300,14,728,,,,,,,42,9,96,10,3,1,,1,1,1,,16,,,0,391,157
,3,,11,,1487,10,201,590,744,1400,21,720,,,,,,,30,6,122,9,3,0,,1,0,0,,22,,,1,368,158
,3,,12,,1436,11,193,527,699,1350,24,674,,,,,,,34,8,90,11,2,0,,0,0,1,,14,,,1,335,178
,3,,13,,1561,10,165,600,747,1450,17,730,,,,,,,45,16,68,11,7,2,,0,0,3,,13,,,0,364,201
,3,,14,,1362,7,151,506,719,1300,17,702,,,,,,,42,8,90,10,5,0,,1,0,0,,15,,,0,407,124
,3,,15,,1429,9,216,536,681,1350,16,662,,,,,,,28,4,96,11,2,0,,0,0,0,,20,,,0,338,163
,3,,16,,1658,7,314,621,823,1500,16,806,,,,,,,38,7,85,17,4,0,,0,1,1,,26,,,0,423,204
,3,,17,,1193,12,139,467,580,1100,15,565,,,,,,,24,7,65,12,0,1,,0,1,0,,15,,,0,287,153
,3,,18,,1397,5,228,556,699,1300,15,684,,,,,,,44,8,82,13,4,1,,0,0,7,,14,,,0,349,162
,3,,19,,1595,8,218,601,856,1500,20,836,,,,,,,56,15,74,13,2,0,,1,2,8,,26,,,0,402,237
,3,,20,,1463,11,195,586,754,1350,18,736,,,,,,,34,2,64,10,2,0,,0,0,6,,27,,,0,417,174
,3,,21,,1180,11,171,460,565,1100,16,548,,,,,,,38,3,78,9,3,0,,0,1,1,,21,,,0,247,147
,3,,22,,1310,11,173,505,666,1200,10,656,,,,,,,40,10,88,12,3,0,,2,0,0,,15,,,0,339,147
,3,,23,,1563,8,198,511,665,1450,9,655,,,,,,,50,4,100,15,10,0,,0,0,1,,10,,,1,332,132
,3,,24,,1516,9,239,623,770,1450,19,744,,,,,,,56,5,108,20,5,0,,0,0,3,,11,,,0,374,162
,3,,25,,1440,9,197,480,638,1350,24,613,,,,,,,37,5,107,7,10,0,,1,0,2,,10,,,1,312,121
,3,,26,,1098,12,177,500,627,1000,12,615,,,,,,,44,10,75,5,3,0,,0,1,5,,15,,,2,308,147
,3,,27,,643,13,106,290,353,600,12,341,,,,,,,20,4,46,6,1,0,,0,0,2,,9,,,0,180,73
,3,,28,,1238,12,146,495,660,1150,23,637,,,,,,,34,5,91,12,3,1,,0,0,3,,8,,,1,348,131
,3,,29,,1302,8,176,550,701,1250,19,682,,,,,,,28,10,64,10,5,0,,0,0,1,,14,,,0,367,183
,3,,30,,1266,9,224,512,659,1200,14,644,,,,,,,34,7,112,9,4,0,,0,0,0,,17,,,0,283,178
,3,,31,,1421,7,202,565,720,1350,19,700,,,,,,,54,8,94,23,8,0,,0,1,0,,22,,,0,364,126
,3,,32,,1454,5,226,533,708,1350,22,676,,,,,,,32,9,131,22,11,0,,1,0,0,,13,,,0,307,150
,3,,33,,1455,10,228,505,613,1350,20,593,,,,,,,55,5,99,15,2,0,,1,0,0,,12,,,1,304,99
,3,,34,,1410,13,237,533,664,1350,18,644,,,,,,,31,9,83,16,1,1,,1,0,2,,12,,,0,361,127
,3,,35,,1080,6,131,342,414,1000,17,398,,,,,,,25,8,62,27,0,0,,0,0,0,,15,,,1,206,54
,3,,36,,1395,5,269,612,746,1300,22,720,,,,,,,51,8,91,19,4,0,,1,0,0,,13,,,0,377,156
,3,,37,,1361,9,275,636,766,1250,22,744,,,,,,,59,14,122,13,3,1,,0,0,4,,35,,,2,323,168
,3,,38,,1328,10,200,495,607,1250,13,593,,,,,,,44,10,104,15,1,0,,1,0,3,,8,,,2,277,128
,3,,39,,1271,8,220,543,671,1200,18,653,,,,,,,33,9,76,20,6,0,,0,0,3,,14,,,0,337,155
,3,,40,,1399,7,268,592,736,1300,9,727,,,,,,,25,7,113,18,5,0,,0,5,14,,0,,,0,379,161
,3,,41,,1291,6,170,417,535,1200,17,514,,,,,,,22,8,74,27,5,0,,0,0,3,,17,,,2,254,102
,3,,42,,1348,9,203,469,601,1250,10,591,,,,,,,40,14,77,14,5,0,,2,1,0,,10,,,0,298,130
,3,,43,,1531,9,179,533,691,1450,11,678,,,,,,,37,8,85,24,3,0,,0,0,3,,9,,,0,376,133
,3,,44,,1545,28,190,601,780,1450,21,758,,,,,,,25,9,97,13,1,0,,2,0,1,,23,,,1,411,175
,3,,45,,1056,13,174,510,639,1000,6,633,,,,,,,18,14,68,11,2,1,,0,1,0,,18,,,1,286,213
,3,,46,,1068,10,148,400,499,1000,10,489,,,,,,,37,7,58,14,5,0,,0,0,0,,14,,,1,243,110
,3,,47,,1365,9,200,561,693,1300,19,674,,,,,,,38,10,98,9,2,0,,2,1,1,,16,,,0,316,181
,3,,48,,1332,9,196,499,642,1200,12,630,,,,,,,39,4,75,18,21,0,,1,0,2,,10,,,0,337,123
,3,,49,,1511,7,305,517,677,1400,16,661,,,,,,,30,7,63,9,5,0,,3,0,0,,11,,,0,434,99
,3,,50,,1218,5,232,523,637,1150,11,626,,,,,,,25,10,94,21,2,0,,0,0,4,,17,,,1,343,109
,3,,51,,1093,8,196,447,540,1000,10,530,,,,,,,37,8,79,17,3,0,,0,0,8,,10,,,1,279,88
,3,,52,,1322,8,223,541,658,1250,20,636,,,,,,,30,12,98,17,3,1,,0,0,1,,18,,,0,347,109
,3,,53,,1457,4,203,474,647,1350,25,622,,,,,,,31,9,111,20,13,0,,1,1,4,,7,,,0,316,109
,3,,54,,1361,12,228,619,781,1300,17,764,,,,,,,39,9,90,24,2,0,,1,0,4,,20,,,1,416,158
,3,,55,,1633,13,160,428,568,1500,15,553,,,,,,,28,9,78,19,4,0,,0,0,1,,15,,,1,322,76
,3,,56,,1382,9,170,399,506,1300,15,491,,,,,,,22,8,52,32,9,0,,1,0,1,,3,,,0,312,51
,3,,57,,1265,8,185,401,516,1200,15,500,,,,,,,33,14,64,33,3,1,,1,0,0,,4,,,0,296,51
,3,,58,,1502,9,170,387,552,1450,19,534,,,,,,,35,9,71,38,7,1,,0,0,2,,9,,,0,313,49
,3,,59,,1496,7,221,490,636,1450,17,619,,,,,,,30,9,107,32,8,0,,1,0,0,,10,,,0,356,66
,3,,60,,1532,9,257,480,580,1400,25,555,,,,,,,57,3,124,14,5,0,,0,1,0,,5,,,0,299,47
,3,,61,,1271,11,175,564,640,1200,15,622,,,,,,,33,10,80,5,4,0,,0,0,1,,22,,,0,341,126
,3,,62,,1217,9,132,438,588,1150,20,566,,,,,,,31,7,88,16,3,0,,6,0,2,,10,,,0,300,103
,3,,63,,1410,10,223,565,696,1300,13,683,,,,,,,39,4,79,13,7,0,,0,0,0,,17,,,0,364,160
,3,,64,,1560,8,261,684,854,1450,12,841,,,,,,,55,6,93,13,0,0,,0,1,8,,16,,,0,467,182
,3,,65,,1499,9,207,623,751,1400,18,733,,,,,,,42,10,101,17,1,0,,0,0,0,,34,,,0,338,190
,3,,66,,1297,12,145,416,543,1200,8,535,,,,,,,39,8,64,9,4,0,,0,0,2,,8,,,0,258,143
,3,,67,,1119,8,125,385,488,1050,86,402,,,,,,,35,8,43,6,0,0,,0,0,0,,5,,,0,213,92
,3,,68,,1390,7,145,349,456,1250,8,447,,,,,,,44,1,91,16,9,0,,0,0,0,,10,,,0,210,66
,3,,69,,1592,12,273,678,842,1500,18,824,,,,,,,44,15,103,16,4,0,,1,0,0,,11,,,0,438,192
,3,,70,,1195,9,171,419,497,1100,10,487,,,,,,,55,2,65,9,4,0,,1,0,2,,4,,,0,263,82
,3,,71,,1090,10,179,525,626,1000,20,601,,,,,,,39,8,65,16,2,1,,0,0,0,,16,,,1,339,114
,3,,72,,1333,10,185,537,720,1250,30,687,,,,,,,31,6,101,16,4,0,,0,0,1,,11,,,0,399,118
,3,,73,,1390,8,218,581,711,1300,8,702,,,,,,,37,16,84,11,7,0,,0,0,1,,16,,,0,393,137
,3,,74,,1569,8,215,555,699,1450,14,685,,,,,,,37,6,119,13,14,1,,0,1,11,,14,,,0,338,131
,3,,75,,1351,9,236,489,620,1250,18,602,,,,,,,29,9,75,13,6,0,,3,0,2,,6,,,2,339,118
,3,,76,,1418,8,243,499,647,1300,13,631,,,,,,,17,11,72,25,5,0,,2,0,0,,10,,,3,339,147
,3,,77,,1388,2,170,435,547,1300,9,537,,,,,,,36,12,61,7,3,0,,1,0,2,,8,,,0,298,109
,3,,78,,1339,11,240,587,692,1250,23,669,,,,,,,33,7,84,14,1,1,,1,0,2,,12,,,0,373,141
,3,,79,,1574,11,225,630,812,1500,16,778,,,,,,,51,11,92,17,4,0,,0,0,1,,9,,,0,374,219
,3,,80,,1040,5,152,363,456,1000,12,439,,,,,,,33,5,53,17,4,0,,2,0,0,,4,,,0,275,46
,3,,81,,1276,5,146,346,445,1200,20,418,,,,,,,12,5,75,14,4,0,,1,1,1,,9,,,0,245,51
,3,,82,,1089,9,171,411,513,1000,17,496,,,,,,,28,3,89,15,1,0,,0,0,1,,7,,,0,254,98
,3,,83,,1536,9,223,693,869,1400,19,850,,,,,,,61,17,103,18,5,0,,0,0,5,,22,,,1,387,231
,3,,84,,1523,12,201,501,636,1400,16,620,,,,,,,25,6,86,9,1,0,,0,0,2,,9,,,0,352,130
,3,,85,,1561,11,167,580,724,1450,26,698,,,,,,,39,3,98,17,5,1,,0,0,4,,15,,,0,341,175
,3,,86,,1343,9,210,364,595,1250,16,580,,,,,,,36,13,72,26,4,1,,1,1,1,,11,,,0,332,82
,3,,87,,1495,6,255,501,621,1400,9,612,,,,,,,57,8,112,11,5,0,,0,0,3,,13,,,0,323,80
,3,,88,,1387,9,178,499,615,1300,20,595,,,,,,,44,3,81,5,2,0,,0,0,1,,22,,,1,301,135
,3,,89,,1347,6,174,351,436,1250,11,422,,,,,,,22,9,74,18,6,2,,2,0,4,,10,,,0,214,61
,3,,90,,1189,9,180,411,540,1100,29,518,,,,,,,24,10,61,4,5,1,,0,0,5,,7,,,0,310,91
,4,,1,,1524,6,204,549,712,1400,25,686,,,,,,,51,10,101,16,8,0,,2,0,0,,18,,,1,361,118
,4,,2,,1317,11,165,398,555,1200,9,546,,,,,,,50,4,66,14,8,2,,0,0,0,,7,,,1,273,121
,4,,3,,1437,9,145,392,534,1300,16,518,,,,,,,29,8,91,11,5,3,,0,0,1,,6,,,1,243,120
,4,,4,,1275,7,132,401,477,1150,15,463,,,,,,,19,7,62,13,3,0,,1,2,1,,10,,,0,224,121
,4,,5,,1211,11,144,362,464,1100,9,452,,,,,,,21,6,79,9,5,1,,1,0,0,,5,,,0,221,104
,4,,6,,1354,11,143,350,472,1200,10,462,,,,,,,21,5,100,7,5,0,,0,0,2,,6,,,0,239,77
,4,,7,,1220,10,150,373,462,1100,11,450,,,,,,,24,8,82,13,0,0,,1,0,0,,5,,,0,239,78
,4,,8,,1317,8,195,435,541,1150,12,525,,,,,,,30,6,96,19,7,0,,1,0,4,,8,,,0,288,66
,4,,9,,1000,10,159,347,427,850,3,424,,,,,,,28,5,67,8,3,0,,0,0,1,,2,,,0,252,58
,4,,10,,1138,11,140,356,480,1000,13,467,,,,,,,26,2,94,10,5,0,,0,1,0,,5,,,0,250,74
,4,,11,,1144,11,176,342,431,1000,10,421,,,,,,,31,1,100,6,3,0,,0,0,0,,6,,,0,225,49
,4,,12,,1537,8,195,531,648,1400,16,631,,,,,,,41,4,153,15,5,0,,0,0,5,,4,,,1,333,70
,4,,13,,1504,9,218,505,641,1350,18,622,,,,,,,18,4,118,23,5,0,,0,0,7,,3,,,1,377,66
,4,,14,,1512,9,236,555,741,1400,16,716,,,,,,,41,6,100,17,7,0,,0,0,4,,21,,,0,396,124
,4,,15,,1477,8,219,529,660,1350,20,635,,,,,,,39,7,86,17,3,0,,0,0,1,,14,,,0,356,112
,4,,16,,1534,4,201,531,750,1400,26,723,,,,,,,31,6,91,13,6,1,,0,0,1,,6,,,0,439,129
,4,,17,,1360,124,287,620,755,1350,22,715,,,,,,,34,13,129,22,9,0,,0,0,3,,9,,,0,407,89
,4,,18,,1100,8,176,385,510,1000,15,495,,,,,,,67,2,96,21,10,0,,1,2,1,,2,,,0,241,52
,4,,19,,1265,8,185,406,535,1150,19,515,,,,,,,37,4,140,19,1,0,,0,0,1,,4,,,1,226,82
,4,,20,,1249,8,228,397,510,1150,13,497,,,,,,,35,4,133,16,7,0,,1,0,0,,5,,,0,247,49
,4,,21,,1156,6,218,441,548,1050,12,536,,,,,,,29,6,106,15,8,0,,1,0,0,,3,,,0,317,51
,4,,22,,959,9,157,315,378,850,3,374,,,,,,,22,3,99,7,3,0,,0,0,0,,1,,,0,189,50
,4,,23,,1389,6,231,482,603,1300,14,589,,,,,,,26,4,126,18,5,0,,0,0,1,,14,,,0,330,65
,4,,24,,1341,9,153,364,437,1200,14,423,,,,,,,47,2,74,15,3,0,,0,0,0,,4,,,0,260,18
,4,,25,,1270,7,197,394,521,1150,16,505,,,,,,,29,8,114,13,4,1,,1,0,3,,13,,,0,260,59
,4,,26,,1219,6,245,452,583,1100,15,568,,,,,,,48,2,121,22,12,0,,0,0,0,,5,,,0,290,68
,4,,27,,1271,6,201,501,603,1150,11,591,,,,,,,43,7,129,29,10,1,,0,0,1,,7,,,1,305,58
,4,,28,,1442,8,261,544,707,1350,18,689,,,,,,,46,16,123,30,5,0,,1,0,3,,6,,,1,369,89
,4,,29,,1350,4,147,346,446,1150,27,418,,,,,,,10,0,73,5,0,0,,0,0,0,,0,,,0,311,19
,4,,30,,1429,3,165,349,464,1250,16,448,,,,,,,23,6,64,0,0,0,,0,0,0,,1,,,0,338,16
,4,,31,,1220,6,128,275,353,1000,14,339,,,,,,,24,2,86,3,1,0,,0,0,0,,0,,,0,212,11
,4,,32,,896,9,152,366,470,800,14,455,,,,,,,22,12,112,9,1,0,,0,0,1,,9,,,2,204,83
,5,,1,,1420,7,127,339,444,1300,11,431,,,,,,,31,4,65,7,2,1,,0,0,1,,0,,,0,254,66
,5,,2,,1545,8,189,358,531,1400,19,510,,,,,,,62,1,92,17,6,0,,0,0,0,,13,,,0,257,62
,5,,3,,1456,8,120,349,461,1300,8,453,,,,,,,91,4,71,13,3,0,,1,0,1,,13,,,1,214,41
,5,,4,,1482,8,170,395,514,1300,11,503,,,,,,,62,7,68,11,2,2,,0,0,0,,13,,,3,291,44
,5,,5,,1424,11,144,356,460,1300,10,450,,,,,,,49,3,88,15,1,0,,0,0,1,,8,,,0,232,53
,5,,6,,1498,7,158,385,451,1350,19,430,,,,,,,44,11,71,13,3,1,,1,0,0,,9,,,0,200,77
,5,,7,,1548,7,192,495,614,1400,20,592,,,,,,,38,5,119,22,5,0,,0,0,0,,10,,,0,322,71
,5,,8,,1314,4,168,400,512,1150,14,498,,,,,,,61,5,78,13,5,1,,0,0,2,,18,,,1,222,92
,5,,9,,1327,10,136,361,483,1200,2,481,,,,,,,30,9,68,13,7,0,,0,0,0,,6,,,0,288,60
,5,,10,,1386,10,183,425,518,1250,11,506,,,,,,,45,6,95,11,7,0,,0,0,3,,4,,,0,237,98
,5,,11,,1512,8,183,400,520,1400,21,499,,,,,,,46,4,113,19,7,0,,1,0,1,,5,,,0,223,80
,5,,12,,1537,6,205,501,615,1400,14,601,,,,,,,51,4,130,12,7,0,,1,0,2,,15,,,0,264,115
,5,,13,,1455,7,158,463,575,1350,16,558,,,,,,,33,7,145,17,3,1,,1,0,1,,16,,,2,247,85
,5,,14,,1402,12,207,402,538,1300,18,520,,,,,,,80,4,82,24,8,0,,0,0,0,,11,,,0,217,94
,5,,15,,1443,15,204,440,557,1300,12,545,,,,,,,58,3,86,15,5,1,,1,0,0,,9,,,0,263,104
,5,,16,,1249,6,214,434,558,1150,18,540,,,,,,,53,26,63,7,2,1,,0,0,0,,14,,,1,281,92
,5,,17,,1292,6,164,364,473,1150,15,453,,,,,,,35,11,60,7,2,1,,0,0,3,,7,,,0,257,70
,5,,18,,1377,8,188,491,587,1250,16,570,,,,,,,35,8,121,13,8,0,,0,0,3,,18,,,1,254,109
,5,,19,,1314,6,198,485,590,1200,19,571,,,,,,,42,12,108,9,3,0,,0,0,1,,13,,,2,280,101
,5,,20,,1251,11,169,350,456,1150,13,443,,,,,,,49,7,134,11,3,0,,2,0,2,,12,,,0,181,42
,5,,21,,1550,9,152,412,541,1400,15,525,,,,,,,32,11,94,11,6,0,,0,1,1,,15,,,0,264,90
,5,,22,,1676,7,262,616,764,1500,15,749,,,,,,,52,6,100,14,8,0,,0,1,0,,19,,,0,444,105
,5,,23,,1332,10,151,364,460,1200,11,449,,,,,,,26,6,60,9,7,1,,0,0,0,,11,,,0,241,88
,5,,24,,1461,8,205,517,616,1300,18,595,,,,,,,43,13,106,13,3,1,,0,0,3,,5,,,1,313,94
,5,,25,,1597,9,204,488,657,1500,16,641,,,,,,,37,42,117,10,8,0,,1,0,0,,21,,,1,305,99
,5,,26,,1569,8,227,538,645,1450,9,635,,,,,,,38,9,113,18,8,0,,0,1,0,,19,,,2,317,110
,5,,27,,1482,11,296,485,622,1350,12,610,,,,,,,49,3,115,14,5,0,,1,0,3,,9,,,0,336,75
,5,,28,,1538,9,162,418,534,1400,20,514,,,,,,,34,1,104,16,8,0,,0,0,1,,10,,,0,267,73
,5,,29,,1406,75,180,444,599,1400,15,565,,,,,,,31,9,70,14,4,1,,1,0,0,,11,,,0,329,95
,5,,30,,1526,8,209,480,612,1400,23,589,,,,,,,28,5,135,24,5,0,,1,0,1,,13,,,2,287,88
,5,,31,,1509,8,171,385,526,1350,17,509,,,,,,,32,4,107,14,5,0,,0,0,5,,11,,,0,272,59
,5,,32,,1558,8,168,356,432,1400,11,421,,,,,,,62,7,85,10,7,0,,3,1,0,,7,,,0,196,43
,5,,33,,1396,7,182,425,517,1300,12,505,,,,,,,40,1,81,30,3,1,,1,0,0,,9,,,0,271,68
,5,,34,,1392,9,186,470,660,1250,21,639,,,,,,,38,6,117,18,12,0,,0,1,0,,23,,,1,332,91
,5,,35,,1456,8,190,435,535,1350,15,520,,,,,,,34,3,86,13,6,2,,2,0,0,,33,,,1,270,70
,5,,36,,1329,7,236,529,639,1250,18,621,,,,,,,67,13,134,16,4,1,,0,0,2,,31,,,0,257,96
,5,,37,,1305,11,240,505,606,1200,15,591,,,,,,,25,6,125,13,5,0,,0,0,1,,15,,,1,288,112
,5,,38,,1616,4,230,510,667,1450,22,640,,,,,,,76,5,97,10,7,0,,1,0,3,,18,,,0,365,58
,5,,39,,1490,8,243,496,601,1350,20,580,,,,,,,43,27,89,26,9,0,,1,0,0,,8,,,0,265,112
,5,,40,,1531,11,163,350,478,1400,7,471,,,,,,,44,2,89,26,2,2,,0,0,2,,22,,,0,229,53
,5,,41,,1369,107,212,410,481,1350,9,471,,,,,,,42,3,82,10,8,0,,0,0,1,,6,,,0,262,57
,5,,42,,1510,10,166,397,476,1350,15,460,,,,,,,71,3,81,15,1,1,,0,1,0,,36,,,1,208,42
,5,,43,,1497,8,171,342,440,1350,9,431,,,,,,,33,2,70,14,2,0,,0,0,0,,34,,,0,234,42
,5,,44,,1479,9,143,328,431,1350,21,410,,,,,,,35,4,78,20,5,0,,1,1,1,,12,,,0,180,73
,5,,45,,1468,7,150,325,429,1350,5,424,,,,,,,44,3,68,11,4,0,,0,0,0,,46,,,1,186,61
,5,,46,,1087,7,114,253,320,1000,6,314,,,,,,,31,6,50,13,4,1,,1,1,0,,14,,,0,142,51
,5,,47,,1366,3,222,481,621,1250,20,601,,,,,,,40,12,114,17,8,0,,0,0,0,,13,,,0,298,99
,5,,48,,1208,10,198,389,496,1100,15,481,,,,,,,39,6,83,15,1,1,,0,2,3,,7,,,1,237,86
,5,,49,,1168,10,125,326,402,1050,13,389,,,,,,,34,5,83,8,3,0,,9,0,0,,6,,,0,181,60
,5,,50,,1358,10,181,392,487,1250,22,462,,,,,,,45,5,86,19,4,0,,0,2,0,,12,,,1,206,82
,5,,51,,1505,11,196,426,522,1400,18,503,,,,,,,45,8,83,16,5,0,,1,0,0,,10,,,1,248,86
,5,,52,,1561,7,213,526,645,1450,13,623,,,,,,,49,11,116,16,2,0,,0,0,0,,28,,,0,293,108
,5,,53,,1539,10,177,430,540,1400,18,522,,,,,,,80,6,106,8,3,0,,0,0,0,,7,,,1,244,67
,5,,54,,1255,6,197,421,524,1150,11,513,,,,,,,34,7,80,9,4,1,,0,1,4,,12,,,0,256,105
,5,,55,,1296,5,170,387,483,1200,17,464,,,,,,,28,5,104,12,8,0,,0,0,0,,7,,,1,195,104
,5,,56,,1323,8,170,412,516,1200,13,501,,,,,,,40,6,67,34,10,0,,0,0,0,,20,,,0,243,81
,5,,57,,1216,7,213,437,509,1100,20,479,,,,,,,39,3,90,35,3,0,,0,0,0,,20,,,0,226,63
,5,,58,,1250,10,160,378,500,1100,15,483,,,,,,,47,7,109,33,4,0,,1,0,1,,10,,,1,180,90
,5,,59,,1341,9,225,441,529,1250,11,517,,,,,,,36,5,109,30,8,0,,0,0,1,,16,,,1,229,82
,5,,60,,1192,8,202,478,572,1100,24,548,,,,,,,42,4,95,23,6,0,,1,2,0,,9,,,0,284,82
,5,,61,,1300,9,190,393,479,1200,9,470,,,,,,,44,2,81,13,4,0,,0,0,0,,14,,,0,234,78
,5,,62,,1282,9,190,427,512,1150,4,491,,,,,,,40,8,61,0,4,0,,0,0,0,,14,,,0,292,72
,5,,63,,1296,6,263,564,655,1200,32,619,,,,,,,38,6,107,23,3,0,,2,0,0,,18,,,1,329,92
,5,,64,,1336,10,196,416,529,1200,19,509,,,,,,,24,1,78,25,3,1,,0,0,1,,13,,,1,287,75
,5,,65,,1242,7,163,322,415,1100,10,404,,,,,,,34,6,80,15,2,0,,1,0,1,,13,,,0,187,65
,5,,66,,1237,10,186,379,458,1100,17,441,,,,,,,22,4,84,22,6,1,,2,0,1,,13,,,0,203,83
,5,,67,,1271,9,177,375,500,1150,10,490,,,,,,,32,11,84,10,4,0,,0,0,0,,25,,,1,250,73
,5,,68,,1300,11,202,443,542,1200,13,529,,,,,,,21,7,97,34,1,0,,0,0,1,,16,,,0,233,119
,5,,69,,1185,10,170,378,478,1100,11,467,,,,,,,42,4,102,19,6,0,,0,0,0,,13,,,1,208,72
,5,,70,,1310,7,190,389,489,1200,10,479,,,,,,,41,5,99,18,3,1,,1,0,0,,12,,,0,237,62
,5,,71,,1229,8,159,361,446,1100,16,430,,,,,,,33,4,77,28,1,0,,0,0,0,,10,,,0,227,50
,5,,72,,1228,8,178,356,477,1100,10,454,,,,,,,32,4,75,2,2,0,,0,0,1,,11,,,1,263,63
,5,,73,,1143,10,189,375,458,1050,10,448,,,,,,,40,4,89,20,2,1,,0,0,2,,7,,,0,194,89
,5,,74,,1335,9,193,450,536,1200,12,525,,,,,,,39,3,98,24,7,0,,0,0,0,,9,,,0,252,93
,5,,75,,1232,10,186,429,519,1100,17,502,,,,,,,31,6,64,15,11,0,,0,1,0,,19,,,0,272,83
,5,,76,,1296,10,192,440,529,1200,20,505,,,,,,,41,6,82,9,4,0,,0,0,3,,9,,,1,278,72
,5,,78,,682,6,123,222,273,600,6,267,,,,,,,22,3,32,3,1,0,,0,0,0,,7,,,0,162,37
,6,,1,,1222,10,185,408,510,1100,15,495,,,,,,,38,9,104,18,4,0,,0,0,0,,7,,,0,246,69
,6,,2,,1106,10,176,342,428,1000,11,417,,,,,,,32,5,80,22,3,0,,0,0,0,,8,,,2,181,84
,6,,3,,1220,10,194,401,505,1100,11,494,,,,,,,37,7,125,17,2,0,,0,0,0,,10,,,0,220,76
,6,,4,,922,9,120,288,345,800,6,339,,,,,,,18,5,67,13,5,1,,3,0,1,,6,,,0,158,62
,6,,5,,1027,10,177,374,422,950,12,409,,,,,,,38,9,87,16,1,0,,0,0,0,,13,,,1,191,53
,6,,6,,1111,7,182,361,441,1000,13,428,,,,,,,36,5,79,16,4,0,,0,1,0,,10,,,0,202,75
,6,,7,,911,7,175,322,394,850,10,384,,,,,,,37,5,45,12,4,1,,1,0,1,,6,,,1,201,70
,6,,8,,1178,5,200,415,511,1100,26,485,,,,,,,37,3,90,14,4,0,,1,0,0,,13,,,0,240,83
,6,,9,,1311,9,200,420,526,1200,16,510,,,,,,,42,8,73,12,5,0,,1,0,1,,9,,,0,276,83
,6,,10,,983,9,154,342,431,900,16,415,,,,,,,28,6,78,11,6,0,,0,0,0,,7,,,0,203,76
,6,,11,,921,7,147,316,398,850,6,391,,,,,,,24,6,61,8,4,0,,0,0,0,,8,,,0,196,84
,6,,12,,1173,8,190,400,492,1050,10,481,,,,,,,31,9,81,10,7,1,,0,0,1,,7,,,0,229,105
,6,,13,,1208,7,200,419,502,1100,9,493,,,,,,,44,4,118,16,3,0,,2,0,0,,9,,,0,203,94
,6,,14,,1068,7,162,368,436,950,10,424,,,,,,,28,6,84,12,3,0,,1,0,0,,5,,,0,205,80
,6,,15,,1131,8,204,401,492,1050,14,477,,,,,,,33,7,90,13,8,1,,0,0,0,,7,,,0,234,84
,6,,16,,1468,11,218,457,580,1350,15,557,,,,,,,24,7,125,10,3,0,,0,0,1,,6,,,1,283,97
,6,,17,,1271,8,162,389,519,1150,11,508,,,,,,,34,4,136,19,7,0,,0,0,2,,10,,,0,228,68
,6,,18,,1182,10,182,380,482,1100,12,470,,,,,,,29,5,111,15,6,0,,1,0,1,,2,,,1,211,88
,6,,19,,1204,13,197,400,489,1100,24,465,,,,,,,32,6,108,19,4,0,,0,0,1,,3,,,0,228,64
,6,,20,,1219,5,204,444,541,1100,16,524,,,,,,,44,4,76,19,2,1,,0,0,0,,4,,,0,276,98
,6,,21,,1273,8,159,391,471,1150,7,464,,,,,,,42,4,96,16,4,0,,1,0,0,,11,,,0,194,96
,6,,22,,1268,9,170,404,489,1150,9,480,,,,,,,26,5,97,15,7,0,,0,0,3,,6,,,0,220,101
,6,,23,,1084,5,169,350,457,1000,12,445,,,,,,,36,7,96,15,7,0,,0,0,0,,7,,,0,194,83
,6,,24,,1098,5,180,381,466,1000,16,450,,,,,,,37,3,96,13,4,0,,0,1,0,,7,,,1,213,75
,6,,25,,1057,10,144,352,443,950,18,425,,,,,,,34,2,76,17,1,0,,1,0,0,,4,,,0,219,71
,6,,26,,1264,12,165,420,542,1150,16,525,,,,,,,38,4,106,18,8,0,,0,0,0,,11,,,0,238,102
,6,,27,,1259,11,195,442,531,1150,11,520,,,,,,,32,4,104,9,4,1,,2,0,2,,8,,,0,276,78
,6,,28,,1196,10,178,382,471,1100,11,460,,,,,,,22,9,94,26,6,0,,0,0,2,,6,,,0,210,85
,6,,29,,1073,11,175,372,445,1000,9,436,,,,,,,28,5,94,17,6,0,,0,0,1,,6,,,0,202,77
,6,,30,,1287,9,183,383,484,1150,10,472,,,,,,,41,7,90,9,2,1,,0,1,0,,10,,,2,220,89
,6,,31,,1406,8,166,375,466,1300,15,451,,,,,,,44,11,61,19,8,0,,0,0,5,,5,,,0,203,95
,6,,32,,1151,12,160,374,460,1050,11,447,,,,,,,48,2,83,21,3,0,,0,0,0,,4,,,0,212,74
,6,,33,,902,6,102,250,312,850,8,304,,,,,,,34,2,53,9,2,1,,0,0,0,,6,,,0,143,54
,6,,34,,962,7,119,261,323,900,16,307,,,,,,,28,3,53,4,1,1,,1,0,0,,6,,,0,159,51
,6,,35,,1022,7,126,257,354,900,11,343,,,,,,,18,1,81,11,7,1,,1,0,0,,5,,,0,173,45
,6,,36,,1099,7,160,356,444,1000,7,437,,,,,,,56,4,77,18,3,0,,1,0,0,,7,,,0,218,53
,6,,37,,1012,9,124,259,330,900,16,314,,,,,,,28,6,49,17,3,0,,0,1,0,,6,,,0,137,67
,6,,38,,1484,5,265,504,615,1350,22,593,,,,,,,48,14,100,20,7,2,,2,0,0,,11,,,2,287,100
,6,,39,,1111,7,216,450,555,1000,26,526,,,,,,,29,8,69,18,6,0,,1,0,1,,8,,,0,304,82
,6,,40,,911,12,174,355,423,800,11,411,,,,,,,32,6,51,10,3,1,,0,1,3,,7,,,0,238,59
,6,,41,,1351,6,183,414,551,1250,25,526,,,,,,,30,5,89,17,3,1,,1,0,0,,4,,,0,302,74
,6,,42,,1433,7,184,405,511,1300,23,488,,,,,,,33,2,87,11,6,1,,0,0,0,,3,,,0,286,59
,6,,43,,1040,5,152,341,427,950,9,418,,,,,,,37,13,84,10,7,0,,3,0,0,,4,,,0,202,58
,6,,44,,1144,5,168,354,437,1050,10,427,,,,,,,40,3,86,12,13,1,,0,0,0,,7,,,0,185,80
,6,,45,,907,7,134,298,377,850,13,364,,,,,,,29,3,65,10,4,0,,0,0,0,,9,,,0,176,68
,6,,46,,1215,9,149,335,419,1100,15,404,,,,,,,43,5,91,9,5,0,,0,0,0,,7,,,1,183,60
,6,,47,,1380,8,195,425,525,1250,21,505,,,,,,,47,3,96,14,6,2,,0,0,0,,11,,,1,254,71
,6,,48,,1358,2,160,363,488,1250,20,466,,,,,,,32,6,113,18,7,0,,2,0,1,,4,,,0,237,46
,6,,49,,1173,6,160,373,449,1050,17,432,,,,,,,47,7,72,10,1,0,,0,1,0,,3,,,1,225,65
,6,,50,,1316,8,161,378,487,1200,10,476,,,,,,,29,7,94,15,10,2,,2,0,1,,10,,,0,246,60
,6,,51,,1254,11,183,410,484,1150,13,472,,,,,,,40,4,73,15,5,0,,0,1,0,,13,,,1,247,73
,6,,52,,1454,6,165,392,524,1350,24,500,,,,,,,33,3,108,21,6,2,,0,1,0,,12,,,1,227,86
,6,,53,,1101,6,178,356,467,1000,19,448,,,,,,,41,8,95,23,6,0,,0,0,0,,6,,,0,202,67
,6,,54,,1109,7,151,347,425,1000,10,415,,,,,,,28,4,95,13,7,0,,1,0,2,,8,,,1,194,62
,6,,55,,1533,12,169,387,512,1450,9,503,,,,,,,58,13,100,17,8,0,,0,0,2,,9,,,0,209,87
,6,,56,,1292,10,136,346,429,1200,12,417,,,,,,,37,5,80,17,4,0,,0,0,0,,9,,,0,200,65
,6,,57,,1366,4,147,366,468,1250,12,456,,,,,,,30,5,65,21,7,0,,0,0,2,,9,,,0,260,57
,6,,58,,1111,6,162,346,420,1000,11,409,,,,,,,42,2,81,13,2,0,,1,0,0,,3,,,0,213,52
,6,,59,,1293,4,184,421,512,1150,21,491,,,,,,,66,6,86,33,4,0,,0,0,0,,3,,,0,212,81
,6,,60,,1308,42,212,475,589,1250,21,531,,,,,,,43,2,103,25,8,1,,0,0,1,,5,,,0,268,75
,6,,61,,1536,7,238,518,655,1450,15,639,,,,,,,45,8,94,19,10,1,,0,0,0,,7,,,1,354,100
,6,,62,,1496,16,156,417,557,1350,14,543,,,,,,,47,1,141,40,12,0,,2,0,5,,9,,,0,223,63
,6,,63,,1124,6,173,358,457,1000,18,439,,,,,,,34,5,92,37,5,0,,0,0,1,,6,,,0,218,41
,6,,64,,910,7,143,280,353,800,6,347,,,,,,,48,4,53,25,4,0,,0,0,0,,5,,,0,160,48
,6,,65,,921,3,155,303,377,850,11,366,,,,,,,20,3,65,9,6,0,,0,0,2,,16,,,0,192,53
,6,,66,,1024,7,173,330,421,950,12,409,,,,,,,28,5,92,29,8,2,,0,0,3,,6,,,0,197,39
,6,,67,,1158,5,183,380,479,1050,15,463,,,,,,,30,4,105,18,2,0,,0,0,1,,7,,,0,252,44
,6,,68,,1082,9,182,310,418,1000,8,411,,,,,,,33,4,106,20,3,0,,1,0,1,,8,,,1,184,50
,6,,69,,1301,5,183,384,496,1150,23,473,,,,,,,34,3,78,15,5,0,,0,0,0,,6,,,1,274,57
,6,,70,,1500,6,183,364,495,1350,18,477,,,,,,,36,2,97,17,11,0,,0,0,0,,7,,,0,265,42
,6,,71,,801,8,118,252,324,750,13,311,,,,,,,14,3,103,9,4,0,,0,0,1,,8,,,1,138,30
,6,,72,,957,3,148,272,353,850,8,345,,,,,,,23,3,85,13,6,0,,0,0,0,,8,,,0,168,39
,6,,73,,1487,7,204,412,523,1350,13,498,,,,,,,33,4,87,22,11,0,,0,0,0,,0,,,1,291,49
,6,,74,,1055,7,167,374,442,950,17,422,,,,,,,27,2,66,18,7,0,,1,0,0,,8,,,2,259,32
,6,,75,,1190,10,204,408,478,1100,18,460,,,,,,,26,4,78,24,11,0,,0,0,0,,6,,,3,253,55
,6,,76,,494,3,94,219,289,500,13,269,,,,,,,14,2,42,13,5,0,,1,0,0,,6,,,0,157,29
,6,,77,,1156,7,177,414,533,1050,18,516,,,,,,,25,1,107,16,12,0,,0,1,1,,5,,,1,292,55
,6,,78,,1289,11,226,466,579,1200,17,560,,,,,,,40,8,101,20,13,2,,0,0,3,,3,,,1,284,85
,6,,79,,1154,5,245,510,646,1100,21,625,,,,,,,37,4,130,49,10,0,,0,0,1,,4,,,0,330,60
,6,,80,,1032,0,232,454,548,950,18,528,,,,,,,76,2,81,19,15,0,,0,0,1,,2,,,0,309,23
,6,,81,,981,3,173,354,488,850,9,478,,,,,,,22,1,78,6,9,0,,0,0,0,,4,,,0,327,31
,6,,82,,1619,13,188,427,512,1500,14,498,,,,,,,42,7,130,16,4,0,,1,0,0,,8,,,0,223,67
,6,,83,,1229,318,212,522,666,1450,11,358,,,,,,,28,1,74,7,8,0,,1,1,0,,1,,,0,210,27
,6,,84,,1501,251,227,520,666,1500,12,428,,,,,,,47,1,94,16,3,0,,0,0,1,,2,,,1,215,48
,6,,85,,1145,9,193,360,440,1050,16,424,,,,,,,48,4,93,19,13,1,,0,1,0,,6,,,4,193,42
,6,,86,,1401,8,200,420,535,1300,11,524,,,,,,,51,4,113,16,3,0,,2,0,1,,13,,,0,264,57
,6,,87,,1211,9,158,331,417,1100,16,400,,,,,,,26,5,104,20,3,0,,1,0,0,,18,,,0,178,45
,6,,88,,1365,6,202,448,549,1250,13,536,,,,,,,73,4,115,23,7,0,,1,2,1,,10,,,0,243,57
,6,,89,,1513,9,202,390,492,1350,17,475,,,,,,,54,4,90,24,5,0,,1,0,0,,8,,,1,235,53
,6,,90,,1229,7,166,341,429,1100,15,414,,,,,,,61,6,72,9,2,0,,0,0,3,,11,,,0,166,84
,6,,91,,1267,7,220,475,582,1150,11,571,,,,,,,32,7,125,21,12,0,,1,0,2,,41,,,0,254,76
,6,,92,,1229,6,127,295,356,1150,23,332,,,,,,,38,4,64,6,3,0,,0,1,1,,4,,,0,167,44
,6,,93,,1013,11,115,286,363,950,18,345,,,,,,,56,4,57,8,4,0,,1,0,0,,3,,,0,151,61
,6,,94,,727,7,129,262,321,650,8,312,,,,,,,15,0,54,21,3,0,,1,0,0,,4,,,1,149,64
,6,,95,,1121,11,171,352,446,1000,11,435,,,,,,,53,1,90,17,1,1,,0,0,0,,3,,,0,210,59
,6,,96,,1238,5,208,460,568,1150,19,548,,,,,,,79,10,100,10,5,1,,2,0,0,,8,,,1,252,80
,6,,97,,1393,9,192,480,614,1300,22,591,,,,,,,68,8,92,34,4,0,,1,0,2,,6,,,1,275,100
,6,,98,,1372,8,241,520,630,1250,21,608,,,,,,,91,8,113,27,5,0,,1,0,1,,5,,,0,260,97
,6,,99,,1395,7,224,516,625,1300,11,613,,,,,,,63,4,114,25,11,0,,2,0,0,,7,,,0,303,84
,6,,100,,1498,7,183,404,586,1350,19,567,,,,,,,86,4,97,16,6,0,,0,2,0,,11,,,0,253,92
,6,,101,,1603,7,184,410,534,1500,18,514,,,,,,,90,7,78,21,5,1,,0,0,0,,5,,,2,245,60
,6,,102,,890,10,132,281,362,800,8,354,,,,,,,68,2,62,14,6,0,,0,0,0,,9,,,0,139,54
,6,,103,,949,9,111,315,386,850,17,369,,,,,,,42,7,62,8,3,0,,0,0,1,,7,,,0,179,60
,6,,104,,828,9,130,276,355,750,4,351,,,,,,,28,5,54,8,4,1,,1,0,0,,6,,,2,179,63
,6,,105,,1058,5,154,330,415,1000,24,396,,,,,,,31,1,95,15,5,0,,1,0,0,,4,,,0,189,55
,6,,106,,1165,11,163,375,474,1050,17,457,,,,,,,26,3,87,11,6,0,,1,0,2,,9,,,0,224,88
,6,,107,,1168,7,202,430,540,1050,7,532,,,,,,,40,9,93,31,4,0,,0,0,0,,5,,,0,278,72
,6,,108,,1093,28,164,374,464,1000,13,429,,,,,,,57,7,92,15,3,0,,0,0,1,,8,,,0,180,66
,6,,109,,899,9,133,295,379,800,11,368,,,,,,,46,2,69,11,6,0,,2,0,0,,2,,,1,176,53
,6,,110,,946,7,146,330,397,850,16,381,,,,,,,30,6,72,15,1,0,,2,0,1,,4,,,0,166,84
,6,,111,,1426,9,141,402,499,1300,11,487,,,,,,,64,7,107,24,7,0,,0,0,0,,7,,,1,189,81
,6,,112,,1485,10,153,477,573,1350,17,556,,,,,,,63,3,105,15,2,1,,0,0,0,,15,,,1,264,87
,6,,113,,1690,8,217,440,544,1500,19,525,,,,,,,53,12,79,43,8,0,,0,0,2,,5,,,0,262,61
,6,,117,,659,6,127,297,363,600,15,347,,,,,,,13,11,45,19,6,1,,0,0,0,,7,,,1,206,38
,6,,118,,1489,5,223,528,721,1450,21,698,,,,,,,43,7,128,17,8,0,,0,0,0,,4,,,0,446,45
,7,,1,,1306,9,192,496,642,1200,14,628,,,,,,,35,5,84,18,1,0,,1,0,2,,11,,,0,362,109
,7,,2,,1320,7,200,495,593,1200,19,573,,,,,,,40,5,90,16,7,0,,3,0,2,,11,,,0,307,92
,7,,3,,1335,46,196,532,649,1250,9,634,,,,,,,56,6,91,11,3,0,,0,0,1,,19,,,1,339,107
,7,,4,,1525,6,235,528,660,1400,18,642,,,,,,,28,4,105,19,5,0,,0,1,2,,10,,,2,360,106
,7,,5,,1339,7,136,338,455,1200,12,442,,,,,,,53,6,58,14,5,5,,0,0,1,,0,,,0,239,61
,7,,6,,1422,5,244,500,647,1300,21,626,,,,,,,39,8,79,17,3,0,,1,0,1,,10,,,0,360,108
,7,,7,,1508,10,215,517,703,1400,22,681,,,,,,,41,6,104,15,14,2,,3,0,1,,22,,,1,356,116
,7,,8,,1482,7,305,504,632,1350,15,617,,,,,,,40,7,95,12,12,2,,0,1,1,,11,,,0,331,105
,7,,9,,1508,10,230,557,682,1350,21,660,,,,,,,42,10,109,12,5,0,,1,0,1,,5,,,3,357,115
,7,,10,,1488,9,223,558,692,1400,26,665,,,,,,,34,11,84,15,2,0,,1,0,2,,15,,,8,377,116
,7,,11,,1373,15,175,504,626,1250,17,609,,,,,,,47,9,64,19,12,0,,0,1,1,,5,,,3,328,120
,7,,12,,1208,7,193,440,547,1100,21,526,,,,,,,35,10,73,7,3,1,,1,1,2,,7,,,0,294,92
,7,,13,,1125,11,207,427,536,1050,21,514,,,,,,,25,4,99,15,4,0,,0,0,3,,9,,,0,266,89
,7,,14,,1498,10,252,545,679,1400,18,661,,,,,,,33,8,119,48,6,1,,1,0,2,,11,,,2,337,93
,7,,15,,1390,5,226,552,661,1300,4,657,,,,,,,62,9,99,43,6,0,,0,0,1,,12,,,0,307,118
,7,,16,,1405,5,259,573,693,1300,22,671,,,,,,,46,7,112,25,3,1,,0,0,2,,11,,,1,326,137
,7,,17,,1483,7,252,565,709,1350,16,692,,,,,,,33,6,125,30,3,1,,0,0,2,,9,,,2,368,113
,7,,18,,1298,9,213,471,574,1200,16,557,,,,,,,28,19,137,22,9,0,,0,0,0,,8,,,0,262,72
,7,,19,,1465,5,222,501,650,1350,26,625,,,,,,,47,6,96,19,3,0,,0,0,0,,5,,,0,344,105
,7,,20,,1468,7,230,470,581,1300,18,563,,,,,,,36,7,81,19,2,0,,0,2,5,,12,,,0,325,74
,7,,21,,1465,7,205,486,677,1350,17,660,,,,,,,48,4,109,33,7,0,,0,0,7,,8,,,0,343,101
,7,,22,,1342,8,280,535,642,1250,18,624,,,,,,,50,4,96,9,7,0,,0,0,3,,6,,,1,386,62
,7,,23,,1236,11,193,388,484,1150,7,476,,,,,,,39,2,106,9,5,0,,0,0,1,,8,,,1,255,50
,7,,24,,1376,7,166,462,583,1250,13,570,,,,,,,38,7,106,15,2,1,,2,0,5,,18,,,1,267,108
,7,,25,,1138,10,136,363,491,1000,17,474,,,,,,,24,10,61,13,2,1,,0,0,5,,13,,,0,273,72
,7,,26,,1338,7,188,447,560,1250,12,548,,,,,,,33,6,89,13,4,1,,2,1,2,,8,,,1,268,120
,7,,27,,1497,10,210,498,655,1350,18,637,,,,,,,33,7,94,17,3,0,,0,2,2,,8,,,2,355,114
,7,,28,,1307,7,231,536,633,1200,11,622,,,,,,,62,5,83,15,6,0,,2,0,0,,7,,,1,325,116
,7,,29,,1142,11,179,464,548,1050,11,537,,,,,,,28,4,53,18,4,0,,0,1,2,,13,,,2,321,91
,7,,30,,1305,7,81,430,547,1200,17,529,,,,,,,34,8,85,9,4,0,,0,0,1,,8,,,0,295,85
,7,,31,,1507,11,221,522,667,1400,18,648,,,,,,,51,13,97,32,1,1,,0,0,1,,8,,,1,343,100
,7,,32,,1397,9,267,547,734,1250,21,713,,,,,,,86,20,57,16,2,0,,1,0,1,,2,,,0,468,60
,7,,33,,794,7,117,270,333,700,7,325,,,,,,,27,6,43,12,3,0,,0,0,0,,3,,,0,187,44
,7,,34,,1417,9,192,425,539,1300,17,522,,,,,,,33,11,92,15,4,0,,0,0,0,,11,,,0,279,77
,7,,35,,1315,7,211,465,595,1200,14,578,,,,,,,42,4,105,12,3,1,,0,0,2,,11,,,0,313,85
,7,,36,,1295,5,179,472,556,1200,13,542,,,,,,,23,0,75,14,3,0,,0,1,1,,7,,,0,330,88
,7,,37,,1280,9,215,492,592,1150,18,574,,,,,,,45,3,77,21,1,0,,0,1,2,,7,,,0,304,113
,7,,38,,1398,14,180,447,548,1300,9,537,,,,,,,25,8,89,19,6,0,,0,1,0,,4,,,0,293,92
,7,,39,,1414,5,222,508,652,1300,18,634,,,,,,,35,7,106,8,7,0,,0,0,1,,7,,,0,367,96
,7,,40,,1389,10,201,482,596,1200,14,582,,,,,,,57,6,90,14,4,0,,0,0,0,,7,,,1,328,75
,7,,41,,851,7,129,324,394,750,7,386,,,,,,,18,5,52,13,4,0,,0,0,2,,9,,,1,227,55
,7,,42,,1461,10,239,607,737,1350,27,710,,,,,,,71,10,122,21,5,0,,0,0,1,,9,,,0,371,100
,7,,43,,1396,10,216,490,651,1300,18,633,,,,,,,43,4,106,28,4,0,,0,0,1,,6,,,2,339,100
,8,,1,,1522,6,195,489,755,1400,22,733,,,,,,,46,6,100,11,7,1,,3,0,1,,18,,,1,394,145
,8,,2,,829,11,117,341,441,750,19,420,,,,,,,27,9,50,11,3,1,,0,1,0,,15,,,1,221,81
,8,,3,,1226,7,175,446,574,1100,19,555,,,,,,,44,4,71,22,3,0,,0,0,2,,13,,,0,285,111
,8,,4,,1183,8,160,429,527,1100,15,512,,,,,,,31,7,69,13,6,0,,0,0,3,,14,,,0,265,104
,8,,5,,1320,10,167,445,573,1200,14,559,,,,,,,38,9,91,15,4,0,,1,1,0,,19,,,3,283,95
,8,,6,,823,11,85,273,336,750,9,327,,,,,,,20,5,52,8,3,0,,0,0,2,,3,,,0,176,58
,8,,7,,1189,6,164,494,591,1100,16,572,,,,,,,19,6,104,20,6,0,,0,0,0,,20,,,0,295,102
,8,,8,,1453,5,168,499,665,1350,18,646,,,,,,,43,4,84,16,8,0,,0,2,2,,16,,,0,356,115
,8,,9,,1285,8,215,558,725,1200,23,702,,,,,,,45,5,97,19,3,0,,0,0,2,,10,,,0,382,139
,8,,10,,1482,10,213,555,678,1400,19,657,,,,,,,28,7,90,13,1,0,,0,0,0,,16,,,1,369,132
,8,,11,,1188,8,205,490,588,1100,15,572,,,,,,,30,7,111,13,2,0,,1,0,3,,17,,,0,279,109
,8,,12,,1221,9,197,445,543,1100,7,536,,,,,,,31,3,90,15,8,1,,0,0,1,,8,,,0,299,80
,8,,13,,1377,12,166,464,612,1300,18,594,,,,,,,33,4,94,15,3,0,,0,0,7,,12,,,0,307,119
,8,,14,,1141,12,170,444,543,1050,17,526,,,,,,,33,11,83,10,3,0,,0,1,4,,13,,,0,276,92
,8,,15,,1314,9,152,438,575,1200,28,546,,,,,,,25,7,104,7,7,0,,0,0,1,,15,,,1,273,106
,8,,16,,1375,8,233,530,690,1300,19,671,,,,,,,28,3,105,17,5,1,,0,0,3,,16,,,0,369,124
,8,,17,,1184,10,196,463,551,1100,14,537,,,,,,,40,4,103,7,3,1,,1,0,1,,7,,,1,300,69
,8,,18,,1196,9,200,466,551,1100,12,539,,,,,,,52,5,91,22,5,0,,0,0,2,,6,,,0,251,105
,8,,19,,1040,7,204,465,565,950,11,554,,,,,,,25,5,95,11,4,0,,0,0,2,,13,,,1,294,104
,8,,20,,970,8,199,450,530,900,12,518,,,,,,,45,8,48,14,4,0,,0,1,2,,10,,,0,286,100
,8,,21,,1086,6,177,390,474,1000,12,462,,,,,,,53,2,64,9,5,0,,0,2,1,,7,,,1,251,67
,8,,22,,1104,7,183,471,587,1050,10,577,,,,,,,41,7,70,16,6,0,,1,1,0,,12,,,0,330,93
,8,,23,,1090,4,221,524,589,1000,15,574,,,,,,,38,2,53,16,3,0,,0,0,1,,8,,,0,342,111
,8,,24,,1405,11,189,513,634,1300,14,620,,,,,,,24,11,78,14,6,1,,1,0,3,,20,,,0,342,120
,8,,25,,1502,7,210,500,597,1350,7,590,,,,,,,41,2,99,10,4,0,,2,0,1,,14,,,1,332,84
,8,,26,,1499,8,200,530,669,1400,13,654,,,,,,,46,8,88,19,4,0,,1,1,2,,10,,,1,376,98
,8,,27,,1517,5,201,495,629,1400,20,608,,,,,,,46,3,76,16,3,1,,0,0,6,,6,,,1,331,119
,8,,28,,1488,4,220,536,678,1400,20,655,,,,,,,33,1,108,11,6,0,,0,0,0,,6,,,0,401,89
,8,,29,,1425,5,247,611,764,1300,13,750,,,,,,,34,15,98,17,7,0,,1,0,1,,12,,,0,436,129
,8,,30,,1349,7,218,495,640,1250,23,614,,,,,,,36,6,104,15,2,0,,1,3,1,,8,,,1,303,134
,8,,31,,1102,8,200,475,596,1050,14,582,,,,,,,32,6,72,18,6,0,,0,0,4,,15,,,0,321,108
,8,,32,,1236,7,230,535,663,1150,21,642,,,,,,,35,3,111,17,4,1,,1,0,0,,11,,,2,351,106
,8,,33,,1179,4,167,467,578,1100,17,560,,,,,,,33,9,71,10,10,1,,1,1,0,,10,,,0,317,97
,8,,34,,1145,9,161,438,556,1050,20,536,,,,,,,23,7,90,17,7,2,,1,0,3,,13,,,1,279,93
,8,,35,,1112,6,185,455,547,1050,14,533,,,,,,,24,6,82,17,6,0,,0,0,0,,14,,,0,269,115
,8,,36,,1207,6,217,530,681,1150,18,664,,,,,,,33,11,84,18,3,0,,3,1,1,,27,,,0,354,129
,8,,37,,1465,7,244,592,743,1350,22,721,,,,,,,42,11,109,26,6,0,,1,0,4,,15,,,0,412,95
,8,,38,,749,5,135,293,354,700,12,342,,,,,,,19,6,58,12,2,0,,0,0,0,,6,,,1,180,58
,8,,39,,1193,7,230,510,627,1100,21,606,,,,,,,30,5,97,39,1,0,,1,1,3,,8,,,1,328,92
,8,,40,,1127,8,208,472,589,1050,15,574,,,,,,,21,5,94,23,10,0,,0,0,3,,9,,,0,301,108
,8,,41,,1198,10,186,469,602,1100,11,590,,,,,,,22,10,75,21,10,1,,1,0,0,,7,,,0,321,122
,8,,42,,1280,6,219,538,685,1200,10,675,,,,,,,33,4,116,25,10,0,,0,0,12,,8,,,4,348,115
,8,,43,,1272,9,173,487,635,1200,21,614,,,,,,,33,3,70,16,2,0,,0,3,1,,13,,,2,344,127
,8,,44,,1070,9,170,445,551,1000,12,539,,,,,,,27,8,78,17,4,0,,0,1,0,,13,,,0,293,98
,8,,45,,1342,8,205,516,651,1250,16,635,,,,,,,26,5,103,15,6,0,,0,1,3,,17,,,0,346,113
,8,,46,,1129,9,184,412,524,1050,13,510,,,,,,,39,3,77,18,4,0,,0,0,0,,7,,,0,276,86
,8,,47,,1095,12,181,464,581,1000,10,571,,,,,,,29,11,81,16,3,0,,0,2,1,,10,,,1,295,122
,8,,48,,1056,10,195,457,551,1000,19,532,,,,,,,29,5,87,25,2,0,,3,0,2,,6,,,0,293,80
,8,,49,,1266,4,217,507,641,1200,17,623,,,,,,,21,8,84,29,5,0,,1,0,2,,5,,,0,365,103
,8,,50,,1184,10,184,453,582,1100,18,564,,,,,,,27,12,83,25,5,0,,0,1,1,,15,,,2,292,101
,8,,51,,1077,9,167,443,553,1000,13,540,,,,,,,36,9,85,13,1,0,,0,0,1,,8,,,0,277,110
,8,,52,,1170,6,215,494,634,1100,15,619,,,,,,,30,3,70,13,11,1,,1,0,1,,15,,,0,365,109
,8,,53,,1345,7,212,507,622,1250,24,599,,,,,,,38,11,74,19,2,0,,0,0,1,,5,,,0,332,117
,8,,54,,1565,78,270,585,748,1450,16,732,,,,,,,50,4,96,7,7,0,,0,0,0,,14,,,2,453,99
,9,,1,,1324,10,228,423,531,1200,21,510,,,,,,,49,2,103,14,2,0,,0,0,0,,1,,,0,282,57
,9,,2,,1308,7,216,385,499,1200,16,482,,,,,,,36,6,65,20,1,1,,0,0,0,,0,,,1,307,45
,9,,3,,999,9,181,349,420,900,15,405,,,,,,,28,6,70,19,5,0,,0,0,5,,4,,,0,197,71
,9,,4,,1123,6,176,393,477,1050,14,463,,,,,,,20,11,86,22,7,0,,1,0,0,,5,,,0,261,50
,9,,5,,1312,6,228,507,607,1200,23,582,,,,,,,40,10,86,24,5,0,,0,0,3,,5,,,1,297,111
,9,,6,,1305,3,270,526,645,1200,24,621,,,,,,,47,3,82,33,6,0,,2,2,0,,8,,,0,360,78
,9,,7,,1439,9,173,392,487,1300,6,481,,,,,,,35,0,76,22,8,0,,0,0,1,,8,,,0,254,77
,9,,8,,1331,11,196,334,455,1200,11,444,,,,,,,36,5,72,21,7,1,,0,0,0,,6,,,2,220,74
,9,,9,,1131,10,159,348,451,1000,18,433,,,,,,,33,5,51,28,8,0,,0,0,0,,8,,,0,239,61
,9,,10,,1235,10,194,430,549,1150,24,522,,,,,,,30,8,63,27,7,1,,0,0,0,,6,,,0,317,63
,9,,11,,1356,5,203,471,592,1250,21,569,,,,,,,29,6,75,26,5,0,,0,1,0,,6,,,0,321,100
,9,,12,,1425,8,220,526,636,1350,12,624,,,,,,,46,14,66,22,5,0,,0,0,1,,11,,,0,331,128
,9,,13,,1465,6,217,495,605,1350,18,586,,,,,,,17,4,105,21,8,0,,0,0,2,,9,,,1,316,103
,9,,14,,1455,6,219,504,656,1350,20,636,,,,,,,39,4,159,18,3,0,,0,0,0,,5,,,1,292,115
,9,,15,,1435,11,200,480,585,1300,9,576,,,,,,,20,7,115,12,15,0,,0,0,2,,7,,,1,301,96
,9,,16,,1423,7,205,531,626,1300,16,610,,,,,,,21,5,105,17,4,0,,1,0,3,,11,,,0,323,120
,9,,17,,1390,7,194,445,567,1250,18,549,,,,,,,30,10,68,15,5,0,,1,1,1,,9,,,1,319,89
,9,,18,,1435,11,230,578,697,1350,24,670,,,,,,,29,9,95,20,5,1,,1,0,1,,9,,,1,364,135
,9,,19,,1408,9,222,516,670,1300,11,659,,,,,,,43,6,104,25,9,0,,0,0,1,,8,,,0,345,118
,9,,20,,1427,4,293,605,743,1350,24,719,,,,,,,49,4,78,14,3,0,,0,0,0,,5,,,0,415,151
,9,,21,,1142,9,209,494,598,1050,11,587,,,,,,,33,8,102,22,8,0,,0,0,1,,9,,,0,271,133
,9,,22,,1425,7,240,512,644,1300,12,632,,,,,,,19,7,103,20,8,0,,0,0,1,,5,,,0,357,112
,9,,23,,1415,7,197,476,557,1300,10,547,,,,,,,27,8,94,20,5,0,,0,0,0,,5,,,1,295,92
,9,,24,,1327,9,194,443,594,1250,8,586,,,,,,,28,12,81,23,4,0,,0,0,4,,11,,,0,321,102
,9,,25,,1393,5,223,450,559,1300,15,542,,,,,,,28,7,75,31,8,0,,0,0,0,,11,,,0,278,104
,9,,26,,1306,7,180,407,543,1200,13,530,,,,,,,27,5,69,25,3,0,,1,0,1,,12,,,2,278,107
,9,,27,,1241,10,175,433,536,1100,14,522,,,,,,,27,9,80,20,4,0,,1,0,0,,9,,,1,278,93
,9,,28,,1324,9,201,355,480,1250,7,473,,,,,,,37,6,56,25,5,0,,0,0,1,,8,,,0,243,92
,9,,29,,1348,10,213,517,642,1250,13,629,,,,,,,31,6,89,22,8,0,,0,0,1,,11,,,0,334,127
,9,,30,,1452,8,147,409,505,1300,16,487,,,,,,,44,9,71,18,2,0,,0,0,0,,9,,,2,252,80
,9,,31,,1409,9,177,389,473,1300,9,463,,,,,,,20,3,135,18,11,0,,0,0,0,,2,,,0,217,57
,9,,32,,1458,10,166,386,506,1350,22,484,,,,,,,26,6,83,20,8,0,,0,0,0,,4,,,0,248,89
,9,,33,,1450,5,257,492,603,1350,19,583,,,,,,,35,3,92,20,14,0,,0,0,0,,8,,,0,310,101
,9,,34,,1356,4,182,484,571,1250,26,545,,,,,,,26,6,92,15,2,0,,1,0,0,,4,,,2,284,113
,9,,35,,1385,6,191,461,607,1300,14,593,,,,,,,36,5,97,20,5,2,,0,0,4,,15,,,1,295,113
,9,,36,,1496,9,175,493,597,1400,24,572,,,,,,,19,7,82,21,14,0,,0,0,2,,23,,,1,298,105
,9,,37,,1453,7,237,487,618,1350,17,599,,,,,,,26,8,99,30,6,0,,0,1,1,,6,,,0,309,113
,9,,38,,1475,6,200,423,551,1350,13,538,,,,,,,35,8,80,8,6,0,,1,0,0,,13,,,0,292,95
,9,,39,,1504,6,214,475,584,1400,23,561,,,,,,,45,5,95,18,8,1,,0,0,1,,10,,,0,293,85
,9,,40,,1495,10,202,417,548,1350,13,535,,,,,,,32,7,97,17,8,1,,0,0,1,,12,,,0,285,75
,9,,41,,1355,4,217,471,599,1250,16,583,,,,,,,29,5,87,9,10,0,,0,0,0,,8,,,0,351,84
,9,,42,,1478,8,244,531,661,1350,27,634,,,,,,,23,13,96,19,8,0,,1,0,1,,4,,,0,384,85
,9,,43,,1463,6,205,490,592,1350,25,567,,,,,,,37,10,105,22,2,0,,0,0,4,,8,,,0,283,96
,9,,44,,1490,11,203,418,543,1350,15,528,,,,,,,43,6,122,17,10,0,,0,0,1,,17,,,0,240,72
,9,,45,,1417,5,308,600,725,1350,16,709,,,,,,,40,3,127,17,6,2,,0,0,2,,11,,,0,374,127
,9,,46,,1446,4,245,564,696,1350,26,670,,,,,,,58,6,99,25,1,0,,0,0,1,,20,,,1,313,146
,9,,47,,1337,5,226,527,658,1250,23,635,,,,,,,59,11,106,17,4,0,,1,1,0,,6,,,2,315,113
,9,,48,,1327,9,246,590,721,1250,15,706,,,,,,,42,6,87,28,4,0,,0,0,1,,9,,,0,410,119
,9,,49,,1449,9,208,479,606,1350,16,589,,,,,,,31,5,72,21,2,0,,0,2,2,,10,,,1,331,112
,9,,50,,1342,7,184,475,622,1250,17,605,,,,,,,34,4,91,15,2,0,,0,0,0,,7,,,0,324,128
,9,,51,,1321,9,191,481,624,1200,21,600,,,,,,,28,15,98,20,10,0,,0,1,1,,13,,,0,303,111
,9,,52,,1306,11,182,445,529,1200,13,516,,,,,,,24,7,89,17,11,0,,0,0,1,,13,,,0,267,87
,9,,53,,1202,5,182,430,536,1100,16,519,,,,,,,23,4,76,17,1,0,,0,1,1,,4,,,0,280,112
,9,,54,,1095,9,169,430,562,1000,21,541,,,,,,,31,9,113,15,1,0,,0,0,2,,6,,,2,255,107
,9,,55,,1360,7,222,512,641,1250,26,615,,,,,,,37,6,109,17,13,0,,0,0,0,,11,,,1,316,105
,9,,56,,1340,6,196,475,610,1250,11,599,,,,,,,45,10,94,15,7,0,,1,1,1,,13,,,2,295,115
,9,,57,,1436,7,192,424,525,1350,12,513,,,,,,,35,4,116,4,3,1,,1,0,0,,5,,,2,260,82
,9,,58,,1293,7,240,543,651,1200,19,631,,,,,,,41,11,73,22,12,0,,0,1,0,,14,,,2,320,135
,9,,59,,1476,10,205,440,544,1350,17,527,,,,,,,32,8,111,17,5,0,,1,0,2,,14,,,0,256,81
,9,,60,,1419,10,207,485,626,1300,20,604,,,,,,,42,5,102,29,7,0,,0,1,1,,20,,,1,274,122
,9,,61,,1521,10,205,452,592,1450,22,570,,,,,,,39,5,109,13,7,0,,1,0,1,,15,,,1,270,109
,9,,62,,1518,8,215,509,629,1400,21,608,,,,,,,27,10,109,15,6,1,,0,0,2,,12,,,0,314,112
,9,,63,,1348,10,172,399,512,1250,24,488,,,,,,,34,3,73,14,8,0,,0,1,0,,8,,,0,238,109
,9,,64,,1015,7,223,411,491,950,14,477,,,,,,,70,3,80,5,3,0,,0,0,0,,5,,,0,279,32
,9,,65,,1128,8,163,391,493,1050,15,477,,,,,,,31,7,103,20,5,0,,1,1,1,,11,,,1,212,84
,9,,66,,1373,4,235,554,650,1250,23,627,,,,,,,41,7,105,43,4,0,,1,0,0,,12,,,1,300,113
,9,,67,,1154,8,163,417,508,1050,18,490,,,,,,,36,4,95,26,3,0,,1,0,1,,11,,,0,226,87
,9,,68,,1594,11,193,460,544,1450,17,527,,,,,,,33,6,98,25,13,1,,0,0,3,,9,,,1,245,93
,9,,69,,1144,6,182,390,509,1050,10,497,,,,,,,43,5,98,18,7,2,,3,0,5,,7,,,1,217,91
,9,,70,,1252,7,263,494,598,1150,19,579,,,,,,,26,8,84,30,10,0,,2,0,6,,5,,,0,278,130
,9,,71,,1454,8,218,481,625,1350,22,603,,,,,,,71,7,123,14,6,0,,1,1,1,,10,,,2,258,109
,9,,72,,1381,8,263,545,623,1300,23,600,,,,,,,43,12,92,21,12,0,,0,0,5,,10,,,0,272,133
,9,,73,,1424,11,173,380,477,1300,13,464,,,,,,,36,9,91,14,10,1,,0,0,1,,12,,,0,227,63
,9,,74,,1383,10,210,487,593,1300,22,571,,,,,,,48,10,100,17,11,0,,1,1,2,,9,,,1,280,91
,9,,75,,1232,8,201,452,533,1150,14,518,,,,,,,54,9,84,17,2,0,,1,0,1,,9,,,1,249,91
,9,,76,,1265,6,216,420,522,1150,20,502,,,,,,,36,19,104,19,8,1,,0,0,0,,5,,,8,181,121
,9,,77,,1237,10,209,438,530,1150,18,509,,,,,,,41,7,129,20,4,0,,1,0,4,,12,,,0,195,96
,9,,78,,1289,10,171,388,491,1150,15,476,,,,,,,37,13,85,26,9,0,,0,0,0,,4,,,0,189,113
,9,,79,,1349,10,199,455,550,1250,17,533,,,,,,,34,9,131,19,19,1,,0,0,0,,6,,,2,217,95
,9,,80,,1157,9,200,415,494,1050,9,485,,,,,,,29,2,81,15,6,0,,0,0,0,,14,,,0,234,104
,9,,81,,1287,11,206,436,549,1150,6,543,,,,,,,39,2,134,19,4,0,,0,0,1,,9,,,0,242,93
,9,,82,,1482,9,211,479,596,1400,15,581,,,,,,,50,9,155,16,9,0,,2,0,1,,9,,,1,233,96
,9,,83,,1259,12,226,461,551,1150,19,530,,,,,,,39,4,96,16,7,0,,0,1,0,,7,,,0,254,106
,9,,84,,1348,7,215,444,521,1250,22,499,,,,,,,24,8,89,22,6,0,,0,2,2,,10,,,0,246,90
,9,,85,,1161,8,170,375,477,1050,7,470,,,,,,,12,6,109,22,12,1,,2,0,2,,4,,,0,212,88
,9,,86,,1175,5,201,410,498,1100,8,489,,,,,,,26,5,88,22,9,0,,0,1,5,,11,,,0,238,84
,9,,87,,1175,5,190,384,485,1100,8,477,,,,,,,31,13,95,16,5,0,,0,0,1,,1,,,0,235,80
,9,,88,,1136,9,167,368,449,1050,12,437,,,,,,,32,4,67,20,5,0,,0,1,2,,6,,,1,216,83
,9,,89,,1291,9,209,424,517,1200,20,497,,,,,,,26,6,115,18,8,0,,0,0,0,,7,,,0,226,91
,9,,90,,1259,8,208,436,519,1150,9,510,,,,,,,54,5,96,21,2,0,,0,1,0,,4,,,0,257,70
,9,,91,,1228,9,171,370,481,1100,11,470,,,,,,,52,7,109,17,5,0,,0,0,0,,4,,,3,189,84
,9,,92,,1278,8,227,448,546,1150,12,534,,,,,,,69,9,87,17,7,0,,2,0,5,,5,,,0,230,103
,9,,93,,1469,4,260,512,637,1350,13,624,,,,,,,46,8,110,25,6,0,,0,0,0,,14,,,3,323,89
,9,,94,,440,10,110,200,221,450,8,213,,,,,,,44,2,37,3,2,0,,2,0,0,,1,,,0,115,7
,9,,95,,920,9,140,276,335,850,7,328,,,,,,,31,3,54,12,1,0,,0,0,0,,6,,,0,170,51
,9,,96,,1140,10,208,406,530,1050,19,511,,,,,,,36,7,64,16,10,0,,0,0,2,,7,,,0,276,93
,9,,97,,1308,9,200,458,587,1200,17,571,,,,,,,22,10,80,19,10,0,,2,1,1,,13,,,0,306,107
,10,,1,,1637,2,251,586,729,1500,28,701,,,,,,,44,9,130,33,12,0,,6,0,3,,9,,,1,367,87
,10,,2,,1454,4,234,477,586,1300,25,561,,,,,,,47,4,118,15,10,1,,2,0,2,,2,,,2,289,69
,10,,3,,1469,8,222,447,570,1350,19,550,,,,,,,43,2,144,25,10,0,,2,0,2,,9,,,0,253,60
,10,,4,,1320,6,208,436,571,1250,14,549,,,,,,,62,6,98,24,4,0,,1,0,0,,6,,,1,269,78
,10,,5,,1452,8,197,453,603,1350,15,588,,,,,,,53,8,94,18,8,1,,2,1,1,,13,,,1,288,100
,10,,6,,1262,6,209,420,529,1150,18,511,,,,,,,62,11,90,19,8,0,,0,0,3,,5,,,0,244,69
,10,,7,,1315,9,222,583,617,1200,17,599,,,,,,,37,7,195,20,14,0,,0,1,2,,8,,,3,232,80
,10,,8,,1396,6,257,486,592,1250,14,573,,,,,,,51,6,147,15,8,1,,1,0,0,,51,,,0,208,85
,10,,9,,1330,11,207,442,538,1200,22,516,,,,,,,40,5,133,18,2,0,,1,0,0,,5,,,0,228,84
,10,,10,,1397,9,180,392,470,1250,11,459,,,,,,,29,15,105,13,2,0,,1,0,2,,5,,,0,232,55
,10,,11,,1268,7,165,390,504,1150,12,490,,,,,,,36,7,73,27,4,0,,1,0,1,,9,,,1,218,113
,10,,12,,1205,8,167,388,478,1100,12,466,,,,,,,50,6,78,19,4,0,,0,0,3,,6,,,0,250,50
,10,,13,,1203,18,170,403,508,1100,14,494,,,,,,,34,5,82,22,1,0,,1,0,1,,16,,,0,239,93
,10,,14,,1308,8,188,471,591,1200,17,574,,,,,,,44,10,99,18,7,1,,1,1,1,,9,,,0,300,83
,10,,15,,859,10,161,324,385,800,19,366,,,,,,,36,3,47,11,2,0,,0,0,2,,6,,,1,216,42
,10,,16,,985,7,123,314,372,900,12,360,,,,,,,27,3,78,14,2,0,,2,0,0,,4,,,0,160,70
,10,,17,,1091,9,172,361,431,1000,13,416,,,,,,,47,0,87,13,7,1,,0,0,0,,9,,,1,186,65
,10,,18,,994,9,162,363,440,900,14,425,,,,,,,38,5,93,16,6,1,,0,0,3,,4,,,0,181,78
,10,,19,,1374,10,208,414,507,1250,14,493,,,,,,,51,8,90,16,1,1,,0,0,2,,4,,,0,225,95
,10,,20,,1325,8,162,321,400,1200,9,391,,,,,,,18,5,73,22,10,0,,0,0,0,,5,,,0,203,55
,10,,21,,1271,5,186,408,527,1200,10,517,,,,,,,40,8,115,16,6,0,,0,0,0,,6,,,0,215,111
,10,,22,,1140,7,224,404,484,1050,9,474,,,,,,,45,5,107,18,5,0,,1,0,0,,6,,,0,205,82
,10,,23,,1296,8,144,308,392,1200,6,385,,,,,,,49,2,82,21,7,0,,0,0,3,,2,,,0,182,37
,10,,24,,1369,6,187,411,478,1300,12,466,,,,,,,18,7,104,12,6,0,,0,1,0,,6,,,2,241,69
,10,,25,,1251,7,146,380,480,1150,9,471,,,,,,,41,3,91,22,6,0,,0,0,0,,10,,,0,205,93
,10,,26,,956,13,111,287,339,850,8,331,,,,,,,23,7,77,14,1,0,,1,1,4,,12,,,1,142,48
,10,,27,,887,9,144,288,359,800,9,350,,,,,,,21,7,76,10,2,0,,0,1,5,,3,,,1,146,78
,10,,28,,1402,6,185,421,538,1300,12,526,,,,,,,41,9,130,21,3,0,,0,0,1,,17,,,0,243,61
,10,,29,,1426,10,236,517,665,1350,25,640,,,,,,,44,7,104,17,9,0,,0,0,2,,14,,,1,307,135
,10,,30,,1322,7,162,419,516,1200,11,504,,,,,,,39,4,101,17,4,0,,1,0,2,,10,,,0,242,84
,10,,31,,1345,8,232,454,563,1250,9,554,,,,,,,19,14,133,24,3,0,,1,0,0,,25,,,1,251,83
,10,,32,,1272,9,181,406,485,1150,11,474,,,,,,,33,4,86,22,7,1,,0,0,1,,10,,,0,227,83
,10,,33,,1110,7,161,383,464,1000,14,450,,,,,,,41,5,92,14,7,0,,0,0,4,,10,,,2,211,64
,10,,34,,1266,10,155,387,467,1150,14,453,,,,,,,30,5,83,13,4,0,,0,0,0,,10,,,1,232,75
,10,,35,,1300,7,171,341,426,1200,15,411,,,,,,,38,7,86,13,2,1,,1,0,4,,6,,,1,174,78
,10,,36,,1223,8,140,348,436,1100,8,428,,,,,,,47,3,83,21,4,0,,1,0,1,,7,,,0,193,68
,10,,37,,1236,10,185,400,480,1150,11,468,,,,,,,34,7,93,11,1,0,,0,0,0,,6,,,0,211,105
,10,,38,,1147,9,224,404,474,1050,12,460,,,,,,,52,6,89,16,7,0,,0,0,1,,5,,,0,225,59
,10,,39,,1430,9,214,449,600,1350,10,578,,,,,,,38,4,99,26,1,2,,0,0,3,,12,,,0,304,89
,10,,40,,1505,3,217,482,565,1400,14,551,,,,,,,54,10,142,10,6,0,,1,0,0,,5,,,6,263,54
,10,,41,,1352,4,178,416,515,1250,16,499,,,,,,,41,11,137,9,9,0,,1,0,0,,6,,,0,245,40
,10,,42,,1097,6,196,375,480,1000,14,466,,,,,,,57,8,92,11,4,1,,3,0,0,,9,,,0,211,70
,10,,43,,1157,10,173,375,462,1050,13,449,,,,,,,48,5,79,18,6,1,,1,0,4,,10,,,1,214,62
,10,,44,,1055,9,178,359,457,950,14,442,,,,,,,64,9,75,13,3,1,,2,0,1,,13,,,0,199,62
,10,,45,,1433,10,206,410,548,1300,9,530,,,,,,,68,8,122,14,11,1,,0,0,1,,8,,,0,212,85
,10,,46,,1303,9,141,376,454,1200,14,440,,,,,,,30,11,111,9,5,0,,1,0,1,,14,,,0,174,84
,10,,47,,1234,7,188,382,488,1150,10,478,,,,,,,61,10,89,15,8,0,,1,0,2,,11,,,1,205,75
,10,,48,,1300,10,192,402,506,1200,12,493,,,,,,,49,3,97,20,7,1,,0,0,0,,8,,,0,210,98
,10,,49,,1289,8,196,433,533,1200,16,517,,,,,,,37,5,104,17,9,0,,0,0,1,,6,,,0,232,106
,10,,50,,1345,8,221,514,626,1250,10,614,,,,,,,61,5,159,22,8,0,,0,0,0,,5,,,0,258,96
,10,,51,,1066,10,169,392,481,950,8,473,,,,,,,42,7,106,14,7,1,,1,0,0,,5,,,0,213,77
,10,,52,,1059,7,172,361,441,950,11,430,,,,,,,55,1,68,11,6,0,,1,2,0,,4,,,0,225,57
,10,,53,,1441,7,238,458,603,1350,18,584,,,,,,,52,5,98,23,10,1,,0,1,4,,5,,,0,298,87
,10,,54,,1230,372,151,293,475,1550,23,452,,,,,,,32,7,103,17,6,0,,0,0,1,,4,,,0,224,58
,10,,55,,1427,10,233,457,554,1300,15,539,,,,,,,60,5,115,18,6,0,,0,0,1,,7,,,0,246,81
,10,,56,,1431,7,201,398,497,1300,13,484,,,,,,,63,10,121,11,8,1,,0,0,0,,10,,,2,194,64
,10,,57,,1189,9,184,366,441,1050,13,428,,,,,,,46,6,96,12,5,0,,0,1,2,,9,,,1,172,78
,10,,58,,1329,203,205,468,761,1400,13,740,,,,,,,44,10,128,17,10,0,,0,1,2,,4,,,2,403,119
,10,,59,,1179,7,169,345,451,1100,8,443,,,,,,,47,8,86,11,7,0,,0,0,3,,7,,,0,188,86
,10,,60,,1199,6,200,372,465,1100,16,449,,,,,,,55,8,84,11,11,0,,0,0,0,,8,,,1,185,86
,10,,61,,1245,8,195,373,461,1150,17,444,,,,,,,38,7,87,19,8,0,,1,0,0,,3,,,0,222,59
,10,,62,,1173,9,208,438,524,1050,18,506,,,,,,,34,5,85,22,7,0,,0,0,1,,7,,,0,261,84
,10,,63,,1419,12,264,531,646,1300,19,627,,,,,,,58,3,115,12,10,0,,0,0,5,,12,,,0,292,120
,10,,64,,1344,9,210,455,542,1250,13,529,,,,,,,43,7,114,21,7,0,,1,0,0,,6,,,0,247,83
,10,,65,,1438,10,237,503,625,1300,13,611,,,,,,,46,10,101,27,10,0,,1,0,0,,6,,,1,267,142
,10,,66,,1421,9,233,478,587,1300,12,574,,,,,,,59,2,94,20,13,0,,0,0,1,,9,,,0,258,118
,10,,67,,1463,7,217,533,656,1350,15,641,,,,,,,46,14,105,23,14,0,,0,0,2,,11,,,0,308,118
,10,,68,,1382,13,260,513,594,1250,10,573,,,,,,,55,7,120,9,7,0,,1,1,0,,7,,,1,265,100
,10,,69,,1116,11,198,379,469,1000,12,457,,,,,,,50,13,97,10,4,0,,0,0,0,,3,,,0,208,72
,10,,70,,1143,13,191,410,479,1050,7,472,,,,,,,44,5,64,13,5,0,,0,0,1,,9,,,2,236,93
,10,,72,,1433,8,230,446,548,1300,11,537,,,,,,,72,12,80,19,2,0,,1,1,0,,7,,,0,226,117
,10,,73,,1318,9,179,407,509,1200,17,492,,,,,,,50,6,114,14,6,0,,0,0,0,,8,,,0,204,90
,10,,74,,1183,7,170,364,456,1050,15,441,,,,,,,38,4,75,18,3,1,,0,0,1,,5,,,0,214,82
,10,,75,,760,8,139,280,345,700,9,335,,,,,,,28,6,51,12,1,0,,0,1,0,,4,,,0,182,50
,10,,76,,1105,9,193,405,505,1000,8,497,,,,,,,29,13,84,15,5,0,,0,1,1,,8,,,1,252,88
,10,,77,,955,7,161,348,423,850,10,413,,,,,,,58,3,90,11,3,0,,1,0,2,,4,,,1,159,81
,10,,78,,801,9,129,284,325,700,8,317,,,,,,,32,3,74,3,2,0,,0,0,3,,2,,,1,151,46
,10,,79,,1251,9,143,370,455,1150,13,442,,,,,,,32,10,90,14,10,0,,0,0,0,,6,,,1,216,63
,10,,80,,1112,10,195,408,489,1000,13,474,,,,,,,40,14,107,18,7,0,,0,0,1,,6,,,0,197,84
,10,,81,,1234,11,184,409,490,1150,16,474,,,,,,,39,3,107,20,2,1,,1,0,2,,16,,,0,198,85
,10,,82,,1077,4,166,340,403,950,13,390,,,,,,,25,9,86,15,4,0,,0,0,0,,3,,,1,197,50
,10,,83,,1124,9,174,332,393,1000,10,383,,,,,,,36,2,69,11,7,0,,0,0,0,,7,,,0,190,61
,10,,84,,1301,8,201,454,559,1200,17,541,,,,,,,69,5,114,14,5,1,,0,0,0,,4,,,0,251,78
,10,,85,,1305,5,168,337,499,1200,14,485,,,,,,,46,10,88,10,12,0,,0,0,0,,9,,,0,236,74
,10,,86,,1276,10,185,424,553,1150,16,537,,,,,,,21,11,133,17,3,0,,1,1,6,,15,,,1,234,94
,10,,87,,1247,8,228,486,609,1100,23,583,,,,,,,33,7,90,34,8,0,,3,2,0,,22,,,0,270,114
,10,,88,,1415,8,219,476,611,1300,11,596,,,,,,,29,10,110,29,8,1,,0,0,0,,12,,,0,290,107
,10,,89,,1251,9,213,425,518,1150,17,501,,,,,,,25,3,117,13,7,1,,1,0,0,,8,,,0,238,88
,10,,90,,1025,9,153,344,431,950,20,411,,,,,,,30,7,59,12,8,0,,0,0,0,,10,,,0,213,72
,10,,91,,1237,8,196,443,574,1100,22,552,,,,,,,31,9,119,25,7,0,,0,0,2,,9,,,2,248,100
,10,,92,,1214,11,169,381,482,1100,14,468,,,,,,,40,5,77,13,8,0,,1,0,2,,14,,,0,206,102
,10,,93,,1173,12,205,400,489,1050,13,476,,,,,,,33,9,87,17,5,0,,0,0,1,,8,,,1,228,87
,10,,94,,1131,8,176,445,538,1050,17,521,,,,,,,35,11,91,17,8,0,,0,0,1,,11,,,1,246,100
,10,,95,,1243,6,192,414,536,1150,7,529,,,,,,,32,14,90,18,11,0,,0,0,4,,7,,,0,265,88
,10,,96,,1004,8,198,449,532,900,11,518,,,,,,,27,5,114,19,7,1,,0,0,1,,13,,,2,226,103
,10,,97,,1367,6,185,367,470,1250,12,458,,,,,,,32,8,127,20,8,0,,0,0,0,,6,,,4,182,71
,10,,98,,1377,9,210,456,570,1250,9,561,,,,,,,58,7,78,14,7,0,,2,1,1,,6,,,0,279,108
,10,,99,,1381,7,225,448,586,1300,14,571,,,,,,,16,11,105,26,17,0,,0,1,2,,13,,,2,279,99
,10,,100,,1332,8,184,436,563,1250,14,546,,,,,,,29,7,104,15,10,0,,0,0,4,,10,,,0,272,95
,10,,101,,1165,7,213,419,508,1050,16,492,,,,,,,46,5,76,10,8,0,,1,0,0,,16,,,0,257,73
,10,,102,,1222,6,180,410,504,1100,15,487,,,,,,,29,3,69,15,4,1,,0,1,0,,11,,,1,260,93
,10,,103,,1107,9,192,383,472,1000,8,464,,,,,,,36,15,79,18,7,0,,0,1,0,,7,,,3,243,55
,10,,104,,988,9,156,326,398,900,10,388,,,,,,,30,7,86,9,4,0,,0,0,0,,6,,,0,186,60
,10,,105,,1147,10,198,402,489,1050,16,473,,,,,,,64,6,76,18,3,0,,1,1,1,,6,,,0,217,80
,10,,106,,1167,5,174,358,428,1100,5,423,,,,,,,46,5,84,15,9,0,,0,0,0,,7,,,1,203,53
,10,,107,,754,9,127,229,284,700,7,277,,,,,,,24,3,51,10,1,1,,0,0,0,,2,,,0,145,40
,10,,108,,994,10,140,298,361,950,13,348,,,,,,,27,6,83,13,6,0,,0,1,0,,8,,,1,158,45
,10,,109,,1171,4,214,424,561,1100,15,544,,,,,,,35,8,102,23,16,0,,1,1,6,,9,,,0,284,59
,10,,110,,931,8,125,243,310,850,8,302,,,,,,,24,9,42,19,3,0,,0,0,3,,4,,,0,146,52
,10,,111,,1167,8,195,425,516,1050,13,503,,,,,,,35,15,93,22,11,0,,1,0,2,,8,,,0,217,99
,20,,1,,999,8,149,361,445,900,35,410,,,,,,,49,5,32,17,11,,,,3,,0,4,2,8,,279,
,20,,2,,969,7,202,430,492,850,19,472,,,,,,,33,5,43,22,12,,,,0,,0,2,0,2,,353,
,20,,3,,1241,131,209,389,573,1200,34,502,,,,,,,69,5,53,29,7,,,,0,,1,2,2,2,,332,
,20,,4,,1493,116,249,465,668,1500,43,557,,,,,,,68,6,87,28,17,,,,3,,3,12,1,1,,331,
,20,,5,,1236,6,279,458,569,1100,47,522,,,,,,,52,2,79,31,14,,,,0,,0,2,4,2,,336,
,20,,6,,839,11,142,296,366,750,34,332,,,,,,,36,11,42,20,9,,,,0,,1,3,0,0,,210,
,20,,7,,1428,10,270,542,639,1250,40,599,,,,,,,113,9,61,28,14,,,,0,,0,3,7,0,,364,
,20,,8,,1344,8,187,443,570,1200,31,539,,,,,,,74,7,67,58,10,,,,1,,0,6,4,6,,306,
,20,,9,,1415,9,261,509,617,1300,45,572,,,,,,,89,1,103,36,10,,,,0,,0,5,4,2,,322,
,20,,10,,1344,10,178,432,536,1200,32,504,,,,,,,64,6,59,29,14,,,,1,,0,3,7,1,,320,
,20,,11,,1167,9,200,443,533,1000,37,496,,,,,,,50,8,74,20,10,,,,0,,4,3,3,5,,319,
,20,,12,,1436,8,189,416,499,1300,34,465,,,,,,,67,4,97,33,18,,,,0,,0,5,4,2,,235,
,20,,13,,1450,7,166,313,392,1300,20,372,,,,,,,78,10,82,19,17,,,,0,,1,4,3,1,,157,
,20,,14,,1171,9,186,365,448,1050,22,426,,,,,,,80,8,71,19,12,,,,0,,1,2,2,2,,229,
,20,,15,,1354,13,179,420,508,1200,21,486,,,,,,,87,2,88,27,18,,,,0,,0,3,5,2,,254,
,20,,16,,1540,8,281,518,635,1400,27,608,,,,,,,61,9,160,46,7,,,,1,,0,9,9,2,,304,
,20,,17,,1622,8,296,568,698,1450,24,674,,,,,,,103,4,181,42,14,,,,0,,1,15,1,2,,311,
,20,,18,,1557,7,257,545,705,1400,38,667,,,,,,,68,20,169,43,25,,,,0,,0,7,2,4,,329,
,20,,19,,1455,4,220,466,547,1300,33,514,,,,,,,69,4,99,27,20,,,,0,,1,7,4,5,,278,
,20,,20,,1341,6,179,416,485,1200,22,463,,,,,,,55,5,86,19,12,,,,2,,0,5,1,1,,277,
,20,,21,,1472,4,162,438,537,1350,34,503,,,,,,,57,5,101,27,16,,,,1,,1,4,6,1,,284,
,20,,22,,974,6,150,324,375,850,25,350,,,,,,,34,3,82,21,7,,,,0,,0,1,2,3,,197,
,20,,23,,1170,10,163,339,419,1050,30,389,,,,,,,69,11,75,18,14,,,,1,,0,5,7,1,,188,
,20,,24,,1520,8,230,451,555,1400,32,522,,,,,,,95,5,137,18,19,,,,1,,0,1,2,17,,227,
,20,,25,,1200,7,185,368,444,1100,33,411,,,,,,,81,3,87,22,17,,,,0,,1,5,1,2,,192,
,20,,26,,1119,7,190,338,408,1000,26,382,,,,,,,67,7,89,15,14,,,,0,,0,4,2,3,,181,
,20,,27,,1043,7,150,302,359,900,27,332,,,,,,,30,4,76,27,17,,,,0,,0,1,12,0,,165,
,20,,28,,1138,7,218,425,508,1000,31,477,,,,,,,56,10,133,25,16,,,,1,,1,5,3,2,,225,
,20,,29,,1524,7,233,481,600,1350,40,559,,,,,,,113,9,127,36,23,,,,3,,2,6,2,6,,232,
,20,,30,,1059,10,139,314,400,950,25,373,,,,,,,53,7,111,23,16,,,,0,,0,3,0,3,,157,
,20,,31,,1026,8,160,301,397,900,15,382,,,,,,,37,8,113,23,12,,,,0,,0,6,2,2,,179,
,20,,32,,1385,9,195,413,538,1250,22,516,,,,,,,84,12,160,25,21,,,,2,,0,4,1,1,,206,
,20,,33,,1468,8,248,442,553,1300,27,526,,,,,,,77,8,118,31,12,,,,1,,0,4,2,5,,268,
,20,,34,,1204,10,184,346,452,1050,26,426,,,,,,,89,7,104,19,29,,,,0,,0,10,1,2,,165,
,20,,35,,1280,6,164,343,440,1150,27,413,,,,,,,64,3,104,14,26,,,,2,,0,1,1,6,,192,
,20,,36,,1320,7,197,435,561,1150,46,515,,,,,,,76,8,100,30,17,,,,0,,2,5,1,6,,270,
,20,,37,,939,7,135,270,344,850,22,322,,,,,,,36,6,100,24,12,,,,1,,0,6,2,1,,134,
,20,,38,,920,9,192,356,438,850,35,403,,,,,,,51,12,71,29,13,,,,0,,0,8,0,6,,213,
,20,,39,,1402,9,226,437,544,1250,33,511,,,,,,,70,16,134,32,17,,,,0,,1,3,6,5,,227,
,20,,40,,1283,4,230,468,558,1150,32,526,,,,,,,52,10,95,38,16,,,,2,,0,3,10,2,,298,
,20,,41,,1319,7,151,473,572,1250,23,501,,,,,,,64,3,89,27,11,,,,0,,3,12,2,9,,281,
,20,,42,,1237,6,169,372,462,1100,21,439,,,,,,,49,6,70,36,12,,,,0,,0,5,3,11,,247,
,20,,43,,1043,8,160,322,394,950,29,365,,,,,,,52,9,67,20,13,,,,0,,2,3,1,6,,192,
,20,,44,,845,12,133,300,353,750,10,343,,,,,,,34,6,51,35,10,,,,2,,0,5,0,12,,188,
,20,,45,,1211,88,200,370,437,1100,11,354,,,,,,,46,3,96,22,11,,,,1,,0,7,2,8,,158,
,20,,46,,1255,10,176,380,469,1100,24,445,,,,,,,80,6,85,21,11,,,,2,,1,6,1,21,,211,
,20,,47,,1244,5,155,355,450,1100,29,420,,,,,,,61,8,59,30,11,,,,2,,1,3,4,27,,214,
,20,,48,,1474,8,207,418,487,1300,29,458,,,,,,,39,11,116,45,10,,,,0,,1,4,1,7,,224,
,20,,49,,1144,9,150,326,404,1000,31,371,,,,,,,52,3,61,50,9,,,,1,,0,4,2,17,,172,
,20,,50,,1412,7,146,333,440,1250,35,405,,,,,,,49,10,105,30,18,,,,3,,1,7,2,12,,168,
,20,,51,,1200,4,140,352,425,1050,21,404,,,,,,,69,13,77,13,3,,,,1,,1,4,3,4,,216,
,20,,52,,1183,7,195,374,458,1050,29,429,,,,,,,38,4,70,29,14,,,,0,,0,3,1,2,,268,
,20,,53,,1028,8,140,280,351,900,28,323,,,,,,,44,3,75,21,16,,,,1,,0,4,1,3,,155,
,20,,54,,1313,10,194,379,468,1200,24,444,,,,,,,50,8,117,28,11,,,,0,,0,5,1,2,,222,
,20,,55,,1616,9,239,485,592,1450,37,555,,,,,,,49,19,118,21,27,,,,1,,1,12,4,6,,297,
,20,,56,,1348,5,200,424,542,1250,43,499,,,,,,,50,8,97,24,15,,,,3,,0,3,3,7,,289,
,20,,57,,885,142,230,396,459,900,26,414,,,,,,,19,8,66,20,11,,,,2,,1,2,2,6,,277,
,20,,58,,1225,10,196,455,496,1100,29,467,,,,,,,81,8,76,33,9,,,,0,,1,4,2,1,,252,
,20,,59,,1376,6,177,377,449,1200,29,419,,,,,,,68,9,88,16,23,,,,0,,2,3,1,4,,205,
,20,,60,,1034,7,178,286,340,900,28,306,,,,,,,43,11,62,18,1,,,,0,,0,4,4,2,,161,
,20,,61,,1277,8,176,388,488,1150,44,444,,,,,,,73,7,79,23,18,,,,1,,3,6,1,4,,229,
,20,,62,,1223,8,145,320,408,1100,32,376,,,,,,,51,4,79,32,15,,,,2,,0,3,4,2,,184,
,20,,63,,1251,10,148,347,421,1100,25,392,,,,,,,65,10,61,24,6,,,,0,,0,4,4,4,,214,
,20,,64,,1158,9,138,264,338,1050,19,318,,,,,,,42,5,67,15,10,,,,0,,0,4,4,2,,169,
,20,,65,,1466,4,191,425,525,1350,29,495,,,,,,,79,10,135,29,24,,,,0,,0,4,5,3,,206,
,20,,66,,1236,9,201,385,485,1100,36,449,,,,,,,49,5,85,23,13,,,,0,,1,4,1,5,,263,
,20,,67,,1441,7,170,370,466,1300,33,433,,,,,,,60,7,63,37,18,,,,3,,0,4,6,3,,232,
,20,,68,,1145,4,170,362,450,1000,26,424,,,,,,,31,17,101,27,13,,,,0,,1,3,1,1,,229,
,20,,69,,1329,8,166,383,461,1200,20,438,,,,,,,70,11,92,27,15,,,,1,,0,7,5,2,,208,
,20,,70,,1322,10,158,346,433,1150,26,406,,,,,,,62,36,82,24,15,,,,0,,0,4,2,3,,178,
,20,,71,,945,8,177,354,418,850,28,390,,,,,,,48,13,106,21,10,,,,0,,1,5,3,2,,181,
,20,,72,,1244,7,174,364,446,1100,30,416,,,,,,,44,17,102,21,16,,,,0,,2,5,2,3,,204,
,20,,73,,1144,8,171,374,466,1000,30,435,,,,,,,47,8,77,17,29,,,,0,,1,7,2,6,,241,
,20,,74,,1057,4,155,339,451,950,31,420,,,,,,,41,13,92,19,11,,,,3,,2,5,4,2,,228,
,20,,75,,1351,6,183,401,495,1200,39,455,,,,,,,48,18,84,44,11,,,,2,,0,1,4,5,,238,
,20,,76,,1343,4,163,402,520,1200,40,480,,,,,,,45,11,91,33,15,,,,0,,1,9,3,4,,268,
,20,,77,,1311,4,252,405,505,1150,51,454,,,,,,,48,51,61,22,12,,,,0,,0,2,5,2,,251,
,20,,78,,1272,8,197,431,521,1150,45,476,,,,,,,53,14,83,38,13,,,,1,,1,5,1,2,,265,
,20,,79,,1326,10,207,444,551,1200,40,511,,,,,,,52,15,74,28,18,,,,0,,0,5,1,3,,315,
,20,,80,,729,11,104,226,290,600,22,245,,,,,,,20,3,58,23,10,,,,0,,0,3,4,2,,122,
,20,,81,,1343,8,211,422,526,1200,38,488,,,,,,,61,13,64,23,7,,,,1,,0,8,7,1,,303,
,20,,82,,786,10,109,270,334,700,16,318,,,,,,,27,8,51,24,8,,,,1,,1,3,1,1,,193,
,20,,83,,1309,7,181,442,545,1200,37,508,,,,,,,45,17,83,21,20,,,,0,,0,4,2,2,,314,
,20,,84,,994,6,147,306,396,900,16,380,,,,,,,37,9,67,16,13,,,,1,,1,4,0,0,,232,
,59,,1,,923,3,174,284,366,800,16,350,,,,,,,26,17,103,29,8,,,,,3,,0,,,,164,
,59,,2,,1323,6,181,320,428,1200,21,407,,,,,,,36,32,110,21,14,,,,,2,,1,,,,191,
,59,,3,,1341,4,162,323,390,1150,16,374,,,,,,,33,36,114,17,11,,,,,6,,5,,,,152,
,59,,4,,1152,7,159,290,381,1000,18,363,,,,,,,28,18,86,7,7,,,,,6,,10,,,,201,
,59,,5,,1334,3,153,308,389,1200,19,370,,,,,,,33,33,91,13,5,,,,,2,,1,,,,192,
,59,,6,,1091,6,144,313,412,950,19,393,,,,,,,21,28,108,9,9,,,,,2,,4,,,,212,
,59,,7,,1190,6,144,300,376,1050,10,366,,,,,,,30,26,114,12,3,,,,,7,,6,,,,168,
,59,,8,,1315,7,161,309,411,1100,12,399,,,,,,,38,33,83,11,8,,,,,2,,2,,,,222,
,59,,9,,1180,7,167,354,414,1050,16,398,,,,,,,28,29,130,16,11,,,,,3,,4,,,,177,
,59,,10,,807,10,138,233,282,700,8,274,,,,,,,19,17,61,9,2,,,,,2,,3,,,,161,
,59,,11,,1053,10,106,260,368,900,13,355,,,,,,,37,22,95,19,5,,,,,6,,8,,,,163,
,59,,12,,1288,6,179,442,518,1150,18,500,,,,,,,28,25,120,32,9,,,,,3,,15,,,,268,
,59,,13,,1302,10,182,340,445,1150,26,419,,,,,,,23,27,122,20,8,,,,,3,,5,,,,211,
,59,,14,,1417,7,212,530,624,1250,20,603,,,,,,,39,36,150,14,4,,,,,6,,9,,,,345,
,59,,15,,1243,5,168,395,519,1100,14,505,,,,,,,15,28,127,10,7,,,,,4,,0,,,,314,
,59,,16,,1477,6,206,464,618,1300,11,607,,,,,,,32,32,174,20,10,,,,,0,,4,,,,335,
,59,,17,,1277,9,187,433,523,1150,14,509,,,,,,,58,45,112,17,9,,,,,10,,2,,,,256,
,59,,18,,207,5,54,80,88,200,3,85,,,,,,,3,2,19,3,3,,,,,0,,0,,,,55,
,59,,20,,1314,6,202,364,481,1150,17,463,,,,,,,48,27,120,8,7,,,,,8,,4,,,,241,
,59,,21,,1430,5,183,438,534,1250,24,510,,,,,,,28,32,144,23,7,,,,,11,,4,,,,261,
,59,,22,,1412,7,233,503,579,1250,25,554,,,,,,,48,29,172,10,10,,,,,4,,10,,,,271,
,59,,23,,890,8,140,295,348,800,10,338,,,,,,,36,25,91,6,4,,,,,3,,2,,,,171,
,59,,24,,1408,6,165,349,469,1250,14,455,,,,,,,39,22,136,31,6,,,,,8,,5,,,,208,
,59,,25,,1380,9,178,425,547,1250,24,523,,,,,,,20,20,110,19,8,,,,,12,,7,,,,327,
,59,,26,,1202,9,150,347,460,1100,22,438,,,,,,,20,31,116,11,6,,,,,3,,6,,,,245,
,59,,27,,1248,6,189,440,509,1100,22,487,,,,,,,25,22,126,16,6,,,,,12,,5,,,,275,
,59,,28,,1249,8,179,362,463,1100,17,445,,,,,,,21,25,107,26,6,,,,,7,,4,,,,249,
,59,,29,,1162,5,177,388,484,1000,16,468,,,,,,,28,31,124,13,10,,,,,10,,9,,,,243,
,59,,30,,992,7,169,300,383,850,10,373,,,,,,,31,27,105,12,7,,,,,3,,2,,,,186,
,59,,31,,1164,0,163,347,443,1000,11,432,,,,,,,46,30,91,14,9,,,,,2,,2,,,,238,
,59,,32,,793,5,118,238,333,650,19,314,,,,,,,28,19,70,4,6,,,,,0,,1,,,,186,
,59,,33,,888,3,165,350,397,800,12,385,,,,,,,11,32,120,16,9,,,,,4,,2,,,,191,
,59,,34,,1280,4,195,373,449,1150,20,428,,,,,,,29,32,134,8,7,,,,,2,,3,,,,213,
,59,,35,,1347,9,209,439,521,1200,19,500,,,,,,,12,31,130,14,13,,,,,5,,14,,,,281,
,59,,36,,1256,5,159,348,415,1100,19,396,,,,,,,23,22,84,7,11,,,,,7,,2,,,,240,
,59,,37,,1393,8,183,414,494,1200,23,471,,,,,,,43,28,83,19,13,,,,,7,,6,,,,272,
,59,,38,,1459,8,189,404,480,1300,16,464,,,,,,,113,25,93,10,4,,,,,3,,3,,,,213,
,59,,39,,1389,11,209,473,522,1250,15,507,,,,,,,17,40,136,19,8,,,,,8,,4,,,,275,
,59,,40,,1478,3,172,408,539,1300,24,515,,,,,,,24,31,132,24,19,,,,,4,,2,,,,279,
,59,,41,,1280,7,182,436,540,1100,21,519,,,,,,,18,32,107,30,10,,,,,8,,2,,,,312,
,59,,42,,1364,11,200,474,563,1200,8,555,,,,,,,26,35,142,34,3,,,,,15,,7,,,,293,
,59,,43,,1377,5,136,350,462,1200,13,449,,,,,,,29,31,151,20,13,,,,,5,,4,,,,196,
,59,,44,,1437,6,192,420,504,1300,10,494,,,,,,,21,23,132,21,5,,,,,4,,4,,,,284,
,59,,45,,1153,8,177,395,461,1050,18,443,,,,,,,37,23,121,26,4,,,,,7,,5,,,,220,
,59,,46,,916,6,148,300,383,800,11,372,,,,,,,59,25,76,10,3,,,,,3,,9,,,,187,
,59,,47,,756,11,127,208,253,650,7,246,,,,,,,19,19,53,11,4,,,,,2,,0,,,,138,
,59,,48,,1514,8,161,365,462,1300,23,439,,,,,,,25,48,117,18,7,,,,,0,,3,,,,221,
,59,,49,,1003,8,145,284,366,850,13,353,,,,,,,43,15,89,10,2,,,,,6,,9,,,,179,
,59,,50,,1454,10,232,464,586,1300,24,562,,,,,,,72,51,123,13,8,,,,,7,,8,,,,280,
,59,,51,,1427,9,98,385,488,1250,18,470,,,,,,,38,25,142,13,11,,,,,7,,6,,,,228,
,59,,52,,1180,9,149,341,427,1050,14,413,,,,,,,25,30,92,7,9,,,,,8,,8,,,,234,
,59,,53,,1335,8,192,395,479,1200,13,455,,,,,,,43,30,113,10,7,,,,,4,,19,,,,229,
,59,,54,,1420,10,199,441,511,1250,14,497,,,,,,,32,26,124,17,6,,,,,4,,14,,,,274,
,59,,55,,1391,5,189,386,444,1250,12,432,,,,,,,46,26,116,12,12,,,,,3,,15,,,,202,
,59,,56,,1286,10,118,280,327,1100,7,320,,,,,,,8,22,72,5,9,,,,,11,,8,,,,185,
,59,,57,,1430,6,182,381,427,1250,17,405,,,,,,,24,35,116,10,10,,,,,5,,4,,,,201,
,59,,58,,1431,10,155,415,509,1250,30,479,,,,,,,28,30,103,10,11,,,,,4,,11,,,,282,
,59,,59,,1412,10,160,372,459,1250,13,446,,,,,,,44,31,142,10,29,,,,,1,,2,,,,187,
,59,,60,,1479,9,179,360,460,1300,16,444,,,,,,,37,22,136,12,12,,,,,4,,10,,,,211,
,59,,61,,1299,6,171,330,416,1150,17,399,,,,,,,55,16,124,7,14,,,,,1,,1,,,,181,
,59,,62,,1308,9,173,353,464,1150,13,451,,,,,,,79,42,149,11,12,,,,,1,,5,,,,152,
,59,,63,,1424,5,200,463,578,1300,22,556,,,,,,,86,51,149,12,5,,,,,1,,3,,,,249,
,59,,64,,1480,11,190,335,453,1350,20,433,,,,,,,30,96,115,13,7,,,,,7,,3,,,,162,
,59,,65,,1486,11,180,355,447,1300,16,431,,,,,,,28,54,180,14,8,,,,,4,,3,,,,140,
,59,,66,,1403,8,160,350,470,1250,13,457,,,,,,,32,90,108,7,4,,,,,3,,1,,,,212,
,59,,67,,1003,11,136,248,317,850,15,302,,,,,,,24,63,92,11,4,,,,,7,,3,,,,98,
,59,,68,,1296,6,234,402,504,1150,25,479,,,,,,,104,34,118,9,7,,,,,2,,3,,,,202,
,59,,69,,940,8,170,286,354,850,13,341,,,,,,,62,30,64,11,5,,,,,4,,1,,,,164,
,59,,70,,1099,7,186,323,387,1000,14,373,,,,,,,103,23,88,2,7,,,,,2,,2,,,,146,
,59,,71,,1233,6,160,305,397,1100,17,380,,,,,,,72,39,116,12,7,,,,,6,,2,,,,126,
,59,,72,,1136,177,209,337,548,1200,21,497,,,,,,,62,51,113,12,10,,,,,1,,4,,,,244,
,59,,73,,1445,6,205,436,524,1300,28,496,,,,,,,46,84,126,15,8,,,,,5,,0,,,,212,
,59,,74,,1282,8,229,427,508,1150,23,485,,,,,,,38,62,166,14,15,,,,,3,,5,,,,182,
,59,,76,,1288,6,168,408,533,1150,13,519,,,,,,,55,124,136,6,10,,,,,5,,11,,,,172,
,59,,77,,1441,6,222,419,553,1300,19,534,,,,,,,30,80,161,15,9,,,,,1,,9,,,,229,
,59,,78,,1327,7,147,317,413,1150,5,408,,,,,,,22,65,119,16,7,,,,,5,,3,,,,171,
,59,,79,,1412,2,213,472,546,1250,19,527,,,,,,,27,57,195,9,13,,,,,13,,13,,,,200,
,59,,80,,1219,8,194,331,396,1050,14,380,,,,,,,22,27,150,12,10,,,,,12,,3,,,,144,
,59,,81,,1305,9,180,308,371,1150,10,361,,,,,,,21,30,164,7,4,,,,,3,,4,,,,128,
,59,,82,,1107,12,161,300,400,950,16,384,,,,,,,20,25,141,7,7,,,,,2,,6,,,,176,
,59,,83,,1340,12,207,379,454,1200,15,439,,,,,,,30,27,158,6,11,,,,,10,,5,,,,192,
,59,,85,,1292,5,127,262,359,1100,9,350,,,,,,,42,27,81,10,5,,,,,9,,6,,,,170,
,59,,86,,1334,2,170,358,486,1150,18,467,,,,,,,43,31,135,21,7,,,,,2,,24,,,,204,
,59,,87,,1241,7,165,297,403,1050,11,390,,,,,,,50,20,129,12,5,,,,,0,,6,,,,168,
,59,,88,,1234,6,157,315,384,1100,13,370,,,,,,,43,18,77,7,6,,,,,3,,11,,,,205,
,59,,89,,894,8,106,237,302,750,8,293,,,,,,,16,14,63,9,5,,,,,3,,24,,,,159,
,59,,90,,1164,7,161,323,387,1000,22,365,,,,,,,88,29,79,15,5,,,,,0,,10,,,,139,
,59,,91,,1201,8,154,350,438,1050,9,429,,,,,,,36,21,86,19,7,,,,,2,,68,,,,190,
,59,,92,,450,8,64,140,169,450,10,159,,,,,,,12,9,47,9,1,,,,,3,,2,,,,76,
,59,,93,,1189,9,175,311,393,1050,25,368,,,,,,,30,16,75,12,10,,,,,2,,5,,,,218,
,59,,94,,1533,7,214,459,540,1350,23,517,,,,,,,99,20,80,8,7,,,,,3,,4,,,,296,
,59,,95,,1194,5,143,310,390,1000,10,380,,,,,,,46,17,96,13,8,,,,,4,,3,,,,193,
,59,,96,,1239,3,158,337,420,1100,9,411,,,,,,,44,31,91,16,12,,,,,1,,0,,,,216,
,59,,97,,924,12,128,257,312,800,13,299,,,,,,,73,10,62,6,11,,,,,2,,3,,,,132,
,59,,98,,1344,4,182,369,458,1150,20,438,,,,,,,49,25,97,20,11,,,,,1,,2,,,,233,
,59,,99,,1191,4,155,309,384,1050,18,366,,,,,,,80,21,93,13,7,,,,,3,,7,,,,142,
,59,,100,,998,12,136,305,364,850,11,350,,,,,,,67,24,67,10,9,,,,,3,,2,,,,168,
,59,,101,,1083,6,122,249,334,900,14,320,,,,,,,34,33,74,11,3,,,,,3,,4,,,,158,
,59,,102,,1221,10,138,338,408,1050,16,392,,,,,,,26,26,126,22,24,,,,,4,,10,,,,154,
,59,,103,,1297,7,147,351,433,1150,22,411,,,,,,,58,30,89,12,17,,,,,5,,5,,,,195,
,59,,104,,1151,6,147,339,415,1000,23,392,,,,,,,73,27,92,11,18,,,,,4,,2,,,,165,
,59,,105,,1330,6,211,396,477,1150,22,455,,,,,,,73,27,140,11,8,,,,,3,,6,,,,187,
,59,,106,,1321,3,189,391,479,1150,13,466,,,,,,,32,41,151,10,6,,,,,4,,3,,,,219,
,59,,107,,1115,9,182,338,415,1000,15,398,,,,,,,33,30,119,16,9,,,,,3,,4,,,,184,
,59,,108,,1388,6,206,382,499,1200,29,470,,,,,,,52,38,123,5,9,,,,,7,,15,,,,221,
,59,,109,,1413,8,218,387,459,1250,19,440,,,,,,,26,48,170,11,4,,,,,4,,5,,,,172,
,59,,110,,1364,4,169,359,469,1150,26,444,,,,,,,40,34,156,14,5,,,,,4,,2,,,,189,
,59,,111,,1111,9,182,362,426,1000,12,414,,,,,,,36,32,117,13,9,,,,,1,,5,,,,201,
,59,,112,,1539,7,187,390,496,1350,16,480,,,,,,,55,30,150,23,15,,,,,2,,5,,,,200,
,59,,113,,919,9,121,240,309,800,19,290,,,,,,,23,21,69,8,12,,,,,0,,1,,,,156,
,59,,114,,1095,7,120,258,328,1000,10,318,,,,,,,40,25,100,15,5,,,,,3,,2,,,,128,
,59,,115,,1269,10,100,290,371,1100,9,362,,,,,,,23,38,100,8,5,,,,,8,,7,,,,173,
,59,,116,,1328,7,139,307,423,1150,13,410,,,,,,,17,34,126,15,9,,,,,2,,1,,,,206,
,59,,117,,858,6,136,270,310,750,7,303,,,,,,,12,16,109,6,5,,,,,3,,1,,,,151,
,59,,118,,833,6,142,279,332,750,10,322,,,,,,,14,27,100,15,8,,,,,9,,7,,,,142,
,59,,119,,1514,4,211,515,601,1350,24,577,,,,,,,26,23,169,42,2,,,,,12,,1,,,,302,
,59,,120,,1351,9,195,414,543,1200,26,514,,,,,,,23,45,154,15,8,,,,,9,,8,,,,252,
,59,,121,,1146,7,128,320,406,1000,13,393,,,,,,,27,23,88,30,8,,,,,4,,2,,,,211,
,59,,122,,1434,11,193,445,538,1250,21,517,,,,,,,29,30,165,5,12,,,,,8,,4,,,,264,
,59,,123,,1295,7,164,350,486,1150,21,465,,,,,,,46,42,110,24,10,,,,,6,,9,,,,218,
,59,,124,,1415,7,127,330,445,1250,21,423,,,,,,,27,32,132,12,8,,,,,21,,4,,,,187,
,59,,125,,1454,5,191,391,477,1250,20,457,,,,,,,25,33,116,12,15,,,,,16,,5,,,,235,
,59,,126,,1523,6,188,444,558,1350,20,538,,,,,,,32,25,139,14,6,,,,,15,,13,,,,294,
,70,,1,,1426,7,245,605,688,1300,27,661,,,,,,,69,79,42,69,,,,,,,,2,,,3,397,
,70,,2,,856,8,185,366,436,800,15,421,,,,,,,61,30,24,33,,,,,,,,1,,,8,264,
,70,,3,,1131,5,211,461,561,1050,24,537,,,,,,,42,104,54,35,,,,,,,,0,,,2,300,
,70,,4,,1052,9,212,416,533,950,26,507,,,,,,,46,68,31,39,,,,,,,,2,,,4,317,
,70,,5,,1442,6,268,570,707,1350,28,679,,,,,,,101,66,26,33,,,,,,,,2,,,0,451,
,70,,7,,1476,7,269,575,687,1350,35,651,,,,,,,67,20,99,41,,,,,,,,6,,,6,412,
,70,,8,,1502,10,275,671,796,1400,24,772,,,,,,,60,233,58,88,,,,,,,,1,,,3,329,
,70,,9,,1495,4,250,636,728,1400,30,696,,,,,,,48,115,30,74,,,,,,,,5,,,1,423,
,70,,10,,1466,2,220,480,645,1350,33,612,,,,,,,90,81,73,48,,,,,,,,5,,,1,314,
,70,,11,,1477,7,258,542,695,1400,29,666,,,,,,,116,45,75,113,,,,,,,,1,,,10,306,
,70,,12,,1490,7,262,582,703,1350,36,667,,,,,,,181,27,62,75,,,,,,,,4,,,4,314,
,70,,13,,1055,9,203,460,543,1000,32,511,,,,,,,85,28,46,109,,,,,,,,3,,,2,238,
,70,,14,,1553,5,218,511,623,1400,22,601,,,,,,,84,32,70,84,,,,,,,,2,,,4,325,
,70,,15,,1502,5,250,526,646,1400,45,601,,,,,,,162,37,81,62,,,,,,,,4,,,2,253,
,70,,16,,1359,9,237,438,535,1250,24,511,,,,,,,68,33,74,42,,,,,,,,7,,,7,280,
,70,,17,,1229,11,205,527,611,1150,38,573,,,,,,,68,26,85,47,,,,,,,,3,,,3,341,
,70,,18,,1494,7,235,474,628,1400,35,593,,,,,,,65,39,173,45,,,,,,,,4,,,2,265,
,70,,19,,1493,6,223,527,667,1351,55,612,,,,,,,74,33,142,53,,,,,,,,5,,,4,301,
,70,,20,,1281,8,220,502,634,1150,40,594,,,,,,,78,23,83,51,,,,,,,,3,,,4,352,
,70,,21,,1487,7,258,491,599,1400,36,563,,,,,,,60,27,153,27,,,,,,,,2,,,2,292,
,70,,22,,456,9,53,124,149,450,10,139,,,,,,,20,4,24,8,,,,,,,,1,,,1,81,
,70,,23,,1321,7,242,537,664,1249,26,638,,,,,,,58,40,59,70,,,,,,,,0,,,4,407,
,70,,24,,1160,10,218,475,555,1050,24,529,,,,,,,82,41,71,53,,,,,,,,6,,,1,275,
,70,,25,,331,22,76,141,160,350,5,155,,,,,,,19,3,37,12,,,,,,,,1,,,1,82,
,70,,26,,1224,7,213,435,518,1100,27,491,,,,,,,76,21,76,13,,,,,,,,2,,,5,298,
,70,,27,,1136,8,233,478,562,1050,21,541,,,,,,,126,50,43,31,,,,,,,,5,,,1,285,
,70,,28,,1483,4,241,520,655,1400,42,613,,,,,,,87,21,77,61,,,,,,,,6,,,2,359,
,70,,29,,1362,11,258,584,690,1250,53,637,,,,,,,95,37,107,87,,,,,,,,4,,,4,303,
,70,,30,,1301,11,213,468,590,1199,23,567,,,,,,,47,52,51,70,,,,,,,,1,,,8,338,
,70,,31,,1269,7,214,520,659,1150,27,618,,,,,,,57,28,38,58,,,,,,,,2,,,5,430,
,70,,33,,1546,7,205,464,516,1450,28,487,,,,,,,60,10,94,16,,,,,,,,3,,,1,303,
,70,,34,,1378,7,124,276,330,1301,15,315,,,,,,,21,11,116,7,,,,,,,,2,,,1,157,
,79,,1,,1294,13,144,332,414,1200,16,398,,,,,,,37,7,78,18,10,,7,,,,,3,,0,,238,
,79,,2,,1280,11,110,364,458,1200,15,443,,,,,,,21,7,123,19,17,,4,,,,,2,,5,,245,
,79,,3,,1503,9,136,340,404,1400,17,383,,,,,,,25,3,113,18,24,,4,,,,,2,,0,,194,
,79,,4,,1435,15,110,315,417,1350,15,402,,,,,,,15,9,125,26,14,,2,,,,,0,,2,,209,
,79,,6,,1405,10,150,436,565,1300,19,546,,,,,,,20,14,97,22,20,,9,,,,,2,,3,,359,
,79,,7,,1140,10,146,369,454,1050,18,436,,,,,,,34,8,77,34,15,,9,,,,,1,,1,,257,
,79,,8,,1151,9,104,334,416,1100,22,394,,,,,,,23,11,74,21,6,,5,,,,,1,,3,,250,
,79,,9,,1292,12,144,377,472,1200,19,453,,,,,,,21,6,70,21,39,,7,,,,,3,,3,,283,
,79,,10,,1531,10,179,464,561,1450,17,544,,,,,,,27,10,115,26,20,,5,,,,,2,,6,,333,
,79,,11,,1537,5,182,450,535,1450,25,510,,,,,,,41,14,114,21,17,,5,,,,,4,,1,,293,
,79,,12,,1448,9,160,400,487,1350,19,466,,,,,,,28,6,100,22,21,,6,,,,,2,,2,,279,
,79,,13,,1525,11,183,410,525,1450,24,497,,,,,,,26,18,96,20,11,,11,,,,,4,,3,,308,
,79,,14,,1421,6,174,446,538,1350,22,516,,,,,,,21,12,117,38,16,,5,,,,,1,,5,,301,
,79,,15,,1546,8,195,451,538,1450,26,511,,,,,,,31,7,144,17,21,,7,,,,,2,,2,,280,
,79,,16,,1504,11,229,553,661,1450,23,624,,,,,,,38,11,105,31,22,,7,,,,,4,,1,,405,
,79,,17,,1512,11,203,464,550,1450,29,521,,,,,,,52,3,123,25,22,,9,,,,,2,,4,,281,
,79,,18,,1569,6,198,437,531,1500,16,515,,,,,,,33,19,121,35,26,,3,,,,,3,,0,,275,
,79,,19,,1452,10,160,416,532,1350,19,513,,,,,,,35,10,129,26,24,,7,,,,,4,,1,,277,
,79,,20,,1560,6,172,429,519,1450,23,495,,,,,,,22,8,135,33,14,,9,,,,,9,,2,,263,
,79,,21,,1562,11,196,409,528,1450,24,499,,,,,,,30,12,144,33,24,,2,,,,,11,,2,,241,
,79,,22,,1367,8,225,482,592,1300,24,569,,,,,,,36,9,152,28,14,,2,,,,,2,,2,,324,
,79,,23,,1643,4,266,515,620,1500,29,589,,,,,,,49,18,168,17,20,,7,,,,,6,,4,,300,
,79,,24,,1540,8,173,415,497,1300,16,481,,,,,,,28,15,133,22,16,,3,,,,,1,,1,,262,
,79,,25,,1452,8,185,369,454,1350,13,441,,,,,,,40,13,132,18,13,,6,,,,,3,,1,,215,
,79,,26,,1526,7,157,404,528,1400,14,513,,,,,,,35,10,190,30,16,,2,,,,,5,,0,,225,
,79,,27,,1472,8,193,399,513,1400,14,497,,,,,,,38,22,121,29,10,,4,,,,,5,,7,,261,
,79,,28,,1306,10,154,375,443,1250,15,427,,,,,,,35,8,96,12,13,,4,,,,,4,,1,,254,
,79,,29,,1449,9,142,382,489,1350,22,466,,,,,,,26,22,80,25,17,,10,,,,,4,,2,,280,
,79,,30,,1573,8,194,456,572,1500,27,537,,,,,,,27,9,113,27,17,,10,,,,,0,,0,,334,
,79,,31,,1533,7,141,335,437,1450,20,417,,,,,,,31,4,75,22,16,,4,,,,,18,,6,,241,
,79,,32,,1470,5,190,464,563,1400,19,544,,,,,,,89,2,138,37,6,,8,,,,,0,,25,,239,
,79,,33,,1542,6,192,457,559,1450,19,540,,,,,,,29,22,122,32,17,,2,,,,,4,,4,,308,
,79,,34,,1523,7,145,357,464,1450,13,448,,,,,,,23,20,117,17,14,,2,,,,,3,,2,,250,
,79,,35,,1484,8,169,402,518,1400,23,490,,,,,,,35,14,115,24,18,,1,,,,,4,,7,,272,
,79,,36,,1352,8,147,354,456,1250,17,439,,,,,,,26,4,121,29,21,,1,,,,,1,,6,,230,
,79,,37,,1441,8,157,386,481,1350,22,459,,,,,,,49,4,88,34,19,,5,,,,,8,,3,,249,
,79,,38,,1562,7,168,430,551,1500,24,527,,,,,,,42,11,86,27,19,,7,,,,,1,,3,,331,
,79,,39,,1469,9,162,365,470,1350,18,452,,,,,,,26,9,118,26,17,,3,,,,,2,,1,,250,
,79,,40,,1528,8,238,494,602,1450,23,577,,,,,,,45,13,154,65,11,,1,,,,,6,,2,,280,
,79,,41,,1187,7,155,362,436,1100,15,421,,,,,,,16,5,89,67,26,,1,,,,,1,,5,,211,
,79,,42,,1471,8,223,480,597,1400,18,578,,,,,,,20,13,175,48,17,,0,,,,,7,,2,,296,
,79,,43,,1184,6,165,381,449,1100,16,433,,,,,,,27,6,130,23,8,,4,,,,,1,,0,,234,
,79,,44,,1567,9,172,364,465,1450,13,451,,,,,,,48,6,118,36,10,,6,,,,,3,,4,,220,
,79,,45,,1397,3,222,459,545,1300,22,523,,,,,,,25,5,137,51,12,,7,,,,,3,,0,,283,
,79,,46,,1492,8,171,399,511,1400,23,487,,,,,,,17,6,118,23,16,,4,,,,,3,,3,,297,
,79,,47,,1261,9,152,361,456,1200,13,441,,,,,,,27,9,93,23,29,,2,,,,,3,,0,,255,
,79,,48,,1488,7,141,322,412,1400,16,396,,,,,,,25,6,92,20,11,,3,,,,,3,,0,,236,
,79,,49,,1485,12,147,424,546,1400,17,529,,,,,,,22,4,114,26,21,,6,,,,,5,,4,,327,
,79,,50,,1583,5,209,435,586,1500,24,562,,,,,,,76,9,140,25,8,,4,,,,,1,,1,,298,
,79,,51,,1376,9,128,382,474,1250,20,454,,,,,,,25,5,121,19,18,,9,,,,,3,,4,,250,
,79,,52,,1438,12,200,465,574,1350,27,547,,,,,,,20,13,80,36,9,,18,,,,,3,,3,,365,
,79,,53,,1407,9,234,465,541,1300,18,523,,,,,,,18,9,115,27,22,,12,,,,,4,,1,,315,
,79,,54,,1573,12,195,553,677,1500,23,654,,,,,,,67,24,163,29,19,,8,,,,,4,,3,,337,
,79,,55,,1427,9,198,418,492,1300,23,467,,,,,,,24,12,126,19,20,,4,,,,,6,,1,,255,
,79,,56,,1406,8,187,411,537,1300,24,510,,,,,,,46,12,108,24,17,,6,,,,,6,,3,,288,
,79,,57,,1469,6,194,455,560,1400,28,529,,,,,,,34,10,132,35,19,,6,,,,,2,,3,,288,
,79,,58,,1462,6,193,440,526,1400,20,506,,,,,,,26,7,132,30,15,,10,,,,,8,,1,,277,
,79,,59,,1413,7,182,430,518,1350,5,513,,,,,,,15,10,145,101,4,,2,,,,,3,,2,,231,
,79,,60,,1439,8,174,415,520,1350,22,492,,,,,,,20,3,141,12,12,,4,,,,,1,,1,,298,
,79,,61,,1265,11,143,305,375,1200,7,368,,,,,,,33,7,105,21,12,,1,,,,,4,,0,,185,
,79,,62,,1426,12,177,380,454,1350,15,437,,,,,,,22,3,108,24,14,,5,,,,,5,,2,,254,
,79,,63,,1451,8,149,387,492,1350,29,463,,,,,,,20,12,89,24,8,,5,,,,,6,,1,,298,
,79,,64,,1527,9,121,330,407,1450,11,396,,,,,,,22,13,79,27,10,,5,,,,,1,,4,,235,
,79,,65,,1535,9,212,551,643,1450,19,623,,,,,,,39,21,116,26,29,,7,,,,,4,,1,,380,
,79,,66,,1125,11,93,284,357,1050,7,350,,,,,,,24,12,80,10,12,,6,,,,,1,,1,,204,
,79,,67,,1454,7,228,444,538,1350,24,514,,,,,,,24,6,129,50,15,,4,,,,,6,,3,,277,
,79,,68,,1556,9,195,502,626,1450,21,605,,,,,,,38,14,155,30,25,,4,,,,,5,,3,,331,
,79,,69,,1051,9,181,343,400,1000,17,383,,,,,,,25,6,85,19,13,,7,,,,,10,,2,,216,
,79,,70,,718,11,100,230,282,650,12,269,,,,,,,10,7,47,12,7,,2,,,,,2,,0,,182,
,79,,71,,1071,6,141,318,383,1000,13,370,,,,,,,26,18,82,31,16,,5,,,,,4,,3,,185,
,79,,72,,1123,8,107,286,381,1050,10,371,,,,,,,26,8,97,21,7,,2,,,,,1,,2,,207,
,79,,73,,1509,6,156,408,497,1400,16,480,,,,,,,24,8,93,15,10,,7,,,,,2,,2,,319,
,79,,74,,1089,10,117,284,342,1000,29,313,,,,,,,13,6,82,23,15,,3,,,,,2,,1,,168,
,79,,75,,1127,9,148,291,381,1050,13,368,,,,,,,10,10,75,22,9,,4,,,,,1,,1,,236,
,79,,76,,1414,10,160,407,494,1300,13,479,,,,,,,25,10,100,34,19,,1,,,,,3,,0,,287,
,79,,77,,1353,9,180,444,560,1250,27,531,,,,,,,15,6,132,48,27,,9,,,,,2,,2,,290,
,79,,78,,1013,7,160,386,450,950,19,429,,,,,,,44,20,83,31,7,,6,,,,,4,,1,,233,
,79,,79,,1273,6,152,422,576,1200,20,556,,,,,,,12,11,109,46,26,,7,,,,,4,,1,,340,
,79,,81,,1101,7,164,347,426,1050,16,408,,,,,,,11,13,76,40,17,,1,,,,,2,,2,,246,
,79,,82,,673,76,83,240,376,750,11,342,,,,,,,23,4,58,20,8,,3,,,,,3,,0,,223,
,79,,83,,910,7,144,315,379,850,20,359,,,,,,,11,28,38,17,5,,0,,,,,2,,0,,258,
,79,,84,,1045,7,116,280,362,1000,5,357,,,,,,,15,13,84,27,11,,3,,,,,3,,0,,201,
,79,,85,,1283,38,221,412,561,1250,6,554,,,,,,,28,8,138,30,14,,5,,,,,3,,1,,327,
,79,,86,,979,3,161,350,453,950,8,444,,,,,,,38,9,114,20,8,,2,,,,,0,,1,,252,
,79,,87,,1455,7,200,385,513,1400,14,497,,,,,,,50,9,125,30,20,,3,,,,,2,,0,,258,
,79,,88,,1322,8,185,410,518,1250,18,497,,,,,,,11,12,195,29,27,,2,,,,,2,,4,,215,
,79,,89,,1518,11,210,432,560,1450,18,542,,,,,,,35,8,177,42,13,,2,,,,,6,,0,,259,
,79,,90,,1052,10,119,292,391,1000,16,375,,,,,,,16,6,92,57,5,,4,,,,,0,,0,,195,
,79,,91,,1475,6,237,514,644,1400,24,620,,,,,,,64,21,130,42,28,,5,,,,,1,,2,,327,
,79,,92,,1511,4,290,630,770,1400,18,751,,,,,,,47,11,160,29,20,,3,,,,,2,,3,,476,
,79,,93,,947,8,158,323,412,900,9,403,,,,,,,47,11,78,26,10,,6,,,,,3,,1,,221,
,79,,94,,1544,4,271,508,644,1450,23,620,,,,,,,44,12,187,43,22,,5,,,,,3,,4,,300,
,79,,95,,1437,2,215,485,636,1350,25,611,,,,,,,27,8,126,26,6,,5,,,,,11,,0,,402,
,79,,96,,1594,1,295,518,693,1500,24,669,,,,,,,29,3,284,26,13,,0,,,,,3,,3,,308,
,79,,97,,1451,5,156,409,519,1400,12,496,,,,,,,20,15,79,49,9,,1,,,,,7,,4,,312,
,79,,98,,1371,6,204,467,580,1300,17,563,,,,,,,70,7,118,50,11,,2,,,,,3,,3,,299,
,79,,99,,1398,4,214,396,572,1300,22,548,,,,,,,66,5,131,27,7,,7,,,,,4,,1,,300,
,79,,100,,807,3,159,272,359,750,12,347,,,,,,,14,3,81,67,6,,1,,,,,3,,1,,171,
,79,,101,,802,6,95,203,263,750,2,261,,,,,,,17,6,72,18,5,,2,,,,,0,,2,,139,
,79,,102,,1404,6,98,243,290,1300,17,273,,,,,,,26,3,143,13,2,,3,,,,,0,,0,,83,
,79,,103,,1444,12,148,346,436,1350,14,422,,,,,,,39,3,126,10,9,,2,,,,,4,,2,,227,
,79,,104,,1568,8,209,497,604,1500,32,571,,,,,,,38,18,115,40,28,,5,,,,,10,,5,,312,
