region,district id,district name,precinct,special precinct,possible voters,special voters,votes by 12,votes by 17,ballots signed for,num ballots,invalid votes,valid votes,logic check,logic check2,logic check,logic check2,logic check,logic check2,3 - United Opposition,5 - United National Movement,6 - Greens Party,8 - Alliance of Patriots,14 - Georgian Party,18 - Way of Georgia,41 - Georgian Dream
,16,,1,,1326,11,206,405,576,1200,15,,,,,,,,,99,,,,,462
,16,,2,,1396,5,282,496,619,1300,13,,,,,,,,,104,,,,,502
,16,,3,,1270,9,196,454,582,1150,18,,,,,,,,,117,,,,,440
,16,,4,,1231,8,182,360,471,1150,11,,,,,,,,,104,,,,,356
,16,,5,,1386,8,223,401,517,1250,18,,,,,,,,,137,,,,,362
,16,,6,,723,1,103,275,347,700,2,,,,,,,,,99,,,,,246
,16,,7,,660,2,65,194,286,600,3,,,,,,,,,34,,,,,249
,16,,8,,1497,7,149,342,506,1400,8,,,,,,,,,107,,,,,391
,16,,9,,1553,6,125,242,411,1450,9,,,,,,,,,62,,,,,340
,16,,10,,1263,7,102,240,316,1200,6,,,,,,,,,70,,,,,240
,16,,11,,265,5,47,180,224,250,2,,,,,,,,,14,,,,,208
,16,,12,,383,8,77,152,234,300,5,,,,,,,,,15,,,,,214
,16,,13,,282,3,43,78,99,300,0,,,,,,,,,24,,,,,75
,16,,14,,800,5,105,207,286,750,2,,,,,,,,,50,,,,,234
,16,,15,,403,3,48,115,150,400,3,,,,,,,,,32,,,,,115
,16,,16,,399,4,97,164,219,400,3,,,,,,,,,36,,,,,180
,16,,17,,474,2,77,181,255,500,6,,,,,,,,,67,,,,,182
,16,,18,,771,2,177,370,457,700,6,,,,,,,,,157,,,,,294
,16,,19,,1444,5,171,373,553,1400,15,,,,,,,,,67,,,,,471
,16,,20,,1194,5,145,327,464,1150,8,,,,,,,,,72,,,,,384
,16,,21,,1464,5,160,331,436,1400,6,,,,,,,,,52,,,,,378
,16,,22,,1175,0,112,222,353,1100,8,,,,,,,,,49,,,,,296
,16,,23,,1297,6,140,320,406,1200,4,,,,,,,,,55,,,,,347
,16,,24,,1362,2,243,451,656,1300,15,,,,,,,,,207,,,,,434
,16,,25,,1196,0,177,403,552,1150,16,,,,,,,,,104,,,,,432
,16,,26,,502,1,124,220,277,500,10,,,,,,,,,64,,,,,203
,16,,27,,765,2,174,320,409,700,8,,,,,,,,,97,,,,,304
,16,,28,,299,2,88,172,214,300,4,,,,,,,,,27,,,,,183
,16,,29,,1306,6,157,363,491,1200,11,,,,,,,,,99,,,,,380
,16,,30,,1131,3,103,245,321,1100,9,,,,,,,,,72,,,,,240
,17,,14,,869,4,113,239,359,800,6,,,,,,,,,141,,,,,212
,17,,15,,824,2,90,252,385,750,8,,,,,,,,,63,,,,,312
,17,,16,,1038,1,156,337,535,1000,9,,,,,,,,,128,,,,,398
,17,,17,,1382,1,105,293,443,1300,15,,,,,,,,,158,,,,,270
,17,,18,,1052,4,90,210,319,1000,7,,,,,,,,,109,,,,,203
,17,,19,,290,1,48,110,143,300,1,,,,,,,,,33,,,,,109
,17,,20,,820,4,169,325,436,750,41,,,,,,,,,139,,,,,254
,17,,21,,841,7,125,296,417,800,14,,,,,,,,,127,,,,,276
,17,,22,,452,4,83,172,234,450,3,,,,,,,,,66,,,,,165
,17,,23,,1006,3,67,174,295,950,3,,,,,,,,,52,,,,,239
,17,,24,,906,4,78,179,250,800,10,,,,,,,,,59,,,,,181
,17,,25,,1192,8,74,140,221,1100,8,,,,,,,,,74,,,,,139
,17,,26,,863,9,122,223,279,800,5,,,,,,,,,71,,,,,203
,17,,27,,621,0,151,236,302,500,9,,,,,,,,,58,,,,,235
,17,,28,,1166,1,101,248,383,1100,7,,,,,,,,,114,,,,,262
,17,,29,,734,2,156,288,378,700,4,,,,,,,,,74,,,,,300
,17,,30,,854,1,162,341,443,800,5,,,,,,,,,102,,,,,336
,17,,31,,108,8,22,42,53,150,0,,,,,,,,,4,,,,,49
,17,,32,,1526,0,143,376,496,1450,15,,,,,,,,,210,,,,,271
,17,,33,,497,2,80,154,203,500,2,,,,,,,,,100,,,,,101
,17,,34,,111,6,33,45,51,150,0,,,,,,,,,16,,,,,35
,17,,35,,1211,4,235,420,596,1150,12,,,,,,,,,133,,,,,450
,17,,36,,987,0,141,300,492,950,15,,,,,,,,,138,,,,,339
,17,,37,,1357,6,160,280,391,1250,9,,,,,,,,,77,,,,,305
,17,,38,,1386,3,116,242,318,1200,10,,,,,,,,,79,,,,,229
,17,,39,,1492,7,156,257,359,1300,34,,,,,,,,,120,,,,,205
,17,,40,,1229,1,125,288,419,1150,14,,,,,,,,,135,,,,,270
,17,,41,,1072,4,154,349,464,1000,8,,,,,,,,,121,,,,,335
,17,,42,,1530,6,202,479,621,1450,11,,,,,,,,,153,,,,,457
,17,,43,,1205,1,133,312,467,1100,9,,,,,,,,,99,,,,,358
,17,,47,,703,3,67,168,238,650,9,,,,,,,,,84,,,,,145
,17,,48,,977,3,76,202,311,900,9,,,,,,,,,58,,,,,244
,17,,49,,1388,3,69,178,312,1300,9,,,,,,,,,136,,,,,167
,17,,50,,1123,4,101,238,340,1050,6,,,,,,,,,118,,,,,216
,17,,51,,1102,2,174,384,580,1050,9,,,,,,,,,190,,,,,381
,17,,52,,931,8,92,235,377,900,8,,,,,,,,,98,,,,,271
,17,,53,,903,5,127,296,458,850,4,,,,,,,,,125,,,,,329
,17,,54,,1439,7,125,237,329,1300,13,,,,,,,,,113,,,,,203
,18,,1,,1541,4,364,694,917,1400,25,,,,,,,,509,,,,,,383
,18,,2,,1528,7,288,547,773,1400,21,,,,,,,,337,,,,,,415
,18,,3,,1292,5,292,537,691,1150,10,,,,,,,,306,,,,,,375
,18,,4,,1232,10,233,526,648,1100,20,,,,,,,,346,,,,,,282
,18,,5,,1045,5,201,446,586,900,12,,,,,,,,132,,,,,,439
,18,,6,,1201,6,135,284,440,1050,5,,,,,,,,161,,,,,,274
,18,,7,,1393,6,144,335,463,1200,8,,,,,,,,248,,,,,,207
,18,,8,,325,5,75,174,195,350,3,,,,,,,,63,,,,,,129
,18,,9,,1388,3,253,518,701,1300,51,,,,,,,,227,,,,,,423
,18,,10,,271,2,58,92,113,300,2,,,,,,,,46,,,,,,65
,18,,11,,1462,4,272,480,683,1350,15,,,,,,,,286,,,,,,378
,18,,12,,1308,6,195,355,539,1200,9,,,,,,,,211,,,,,,319
,18,,13,,1072,0,240,482,640,1000,2,,,,,,,,263,,,,,,375
,18,,14,,134,10,36,54,87,150,2,,,,,,,,39,,,,,,46
,18,,15,,1093,1,198,416,620,1050,11,,,,,,,,321,,,,,,288
,18,,16,,437,4,106,0,220,450,3,,,,,,,,71,,,,,,146
,18,,17,,989,2,224,413,589,900,9,,,,,,,,29,,,,,,550
,18,,18,,1407,5,226,410,493,1200,7,,,,,,,,189,,,,,,297
,18,,19,,1256,6,178,306,417,1050,9,,,,,,,,178,,,,,,229
,18,,20,,1286,6,203,407,539,1200,13,,,,,,,,218,,,,,,308
,18,,21,,525,1,159,243,284,500,5,,,,,,,,123,,,,,,156
,18,,22,,233,6,71,128,152,250,1,,,,,,,,46,,,,,,105
,18,,23,,1263,1,200,507,648,1100,19,,,,,,,,196,,,,,,433
,18,,24,,745,4,188,382,475,650,9,,,,,,,,149,,,,,,317
,18,,25,,1556,4,276,608,797,1400,11,,,,,,,,316,,,,,,470
,18,,26,,1176,5,284,594,677,1050,19,,,,,,,,284,,,,,,374
,18,,27,,901,2,115,231,358,750,5,,,,,,,,141,,,,,,212
,18,,28,,1540,5,274,493,718,1450,10,,,,,,,,276,,,,,,432
,18,,29,,889,6,168,390,478,850,4,,,,,,,,252,,,,,,222
,19,,1,,1157,4,259,448,617,950,10,,,,,,,,300,,,,,,306
,19,,2,,1129,5,187,479,592,1000,12,,,,,,,,240,,,,,,340
,19,,3,,401,1,119,203,264,400,5,,,,,,,,117,,,,,,142
,19,,4,,252,3,59,151,166,250,4,,,,,,,,30,,,,,,132
,19,,5,,296,2,54,118,147,300,2,,,,,,,,29,,,,,,116
,19,,6,,197,4,71,121,134,200,1,,,,,,,,59,,,,,,74
,19,,7,,106,6,47,66,70,100,2,,,,,,,,13,,,,,,55
,19,,8,,577,0,118,229,320,500,6,,,,,,,,74,,,,,,240
,19,,9,,653,3,107,294,333,550,11,,,,,,,,118,,,,,,204
,19,,10,,221,4,48,100,122,250,2,,,,,,,,34,,,,,,86
,19,,11,,740,1,120,314,377,700,2,,,,,,,,167,,,,,,208
,19,,12,,921,2,161,374,514,800,11,,,,,,,,159,,,,,,344
,19,,13,,261,0,65,159,188,250,3,,,,,,,,39,,,,,,146
,19,,14,,320,2,58,176,208,350,1,,,,,,,,80,,,,,,127
,19,,15,,387,2,80,161,237,400,8,,,,,,,,65,,,,,,164
,19,,16,,591,3,146,253,368,500,6,,,,,,,,104,,,,,,258
,19,,17,,685,1,143,250,338,650,6,,,,,,,,114,,,,,,218
,19,,18,,232,1,47,93,149,250,1,,,,,,,,14,,,,,,134
,19,,19,,790,2,124,323,481,750,8,,,,,,,,166,,,,,,307
,19,,20,,990,7,169,405,500,850,6,,,,,,,,214,,,,,,280
,32,,25,,1254,3,168,382,545,1200,14,,,,,,,,,,,,195,,334
,32,,26,,401,4,63,94,156,400,0,,,,,,,,,,,,15,,141
,32,,27,,504,3,118,211,235,500,11,,,,,,,,,,,,63,,161
,32,,28,,1058,1,117,348,458,1000,14,,,,,,,,,,,,81,,362
,32,,29,,862,2,147,312,396,800,14,,,,,,,,,,,,240,,142
,32,,30,,950,0,83,257,352,900,12,,,,,,,,,,,,70,,266
,32,,31,,585,5,80,180,248,550,9,,,,,,,,,,,,112,,127
,32,,32,,784,1,106,196,254,750,7,,,,,,,,,,,,84,,163
,32,,33,,779,1,125,294,395,750,8,,,,,,,,,,,,72,,315
,32,,34,,1322,6,108,246,385,1250,6,,,,,,,,,,,,139,,238
,32,,35,,736,8,91,198,285,700,4,,,,,,,,,,,,141,,139
,32,,36,,443,4,52,94,104,450,3,,,,,,,,,,,,30,,71
,32,,37,,245,5,22,68,81,250,0,,,,,,,,,,,,4,,77
,32,,38,,1014,2,204,411,523,950,13,,,,,,,,,,,,208,,302
,32,,39,,913,3,80,228,306,850,9,,,,,,,,,,,,81,,216
,32,,40,,1594,0,129,361,572,1500,15,,,,,,,,,,,,110,,447
,32,,41,,1347,2,160,380,512,1300,9,,,,,,,,,,,,166,,334
,32,,42,,476,4,79,180,219,500,5,,,,,,,,,,,,93,,121
,32,,43,,812,0,114,235,326,750,7,,,,,,,,,,,,111,,207
,32,,44,,1552,0,93,319,505,1500,7,,,,,,,,,,,,178,,320
,32,,45,,924,1,71,153,257,900,10,,,,,,,,,,,,84,,163
,32,,46,,779,5,106,177,229,750,8,,,,,,,,,,,,38,,183
,32,,47,,484,2,134,239,305,500,4,,,,,,,,,,,,75,,226
,32,,48,,1331,9,153,289,388,1250,10,,,,,,,,,,,,125,,253
,32,,49,,1496,5,120,267,376,1450,5,,,,,,,,,,,,148,,223
,32,,50,,1294,2,168,421,553,1250,21,,,,,,,,,,,,83,,449
,32,,51,,1516,2,250,556,718,1450,24,,,,,,,,,,,,358,,336
,32,,52,,657,3,57,205,272,600,5,,,,,,,,,,,,112,,155
,32,,53,,634,5,100,231,294,600,10,,,,,,,,,,,,87,,195
,32,,54,,1592,1,159,386,507,1500,17,,,,,,,,,,,,190,,300
,32,,55,,1595,3,104,329,470,1500,8,,,,,,,,,,,,160,,302
,32,,56,,1227,5,118,296,368,1200,11,,,,,,,,,,,,106,,251
,32,,57,,323,2,29,66,139,350,3,,,,,,,,,,,,11,,125
,32,,58,,722,3,129,284,368,700,12,,,,,,,,,,,,117,,239
,32,,59,,1072,2,126,251,375,1000,6,,,,,,,,,,,,63,,306
,32,,60,,752,1,82,157,242,700,7,,,,,,,,,,,,49,,186
,32,,61,,1581,0,155,401,632,1500,18,,,,,,,,,,,,183,,431
,32,,62,,1541,6,275,621,787,1500,16,,,,,,,,,,,,352,,419
,32,,63,,1212,1,150,351,499,1150,14,,,,,,,,,,,,127,,358
,32,,64,,1125,5,144,351,475,1100,3,,,,,,,,,,,,210,,262
,32,,65,,474,1,73,137,171,500,7,,,,,,,,,,,,47,,117
,32,,66,,908,3,195,400,514,850,7,,,,,,,,,,,,56,,445
,32,,67,,1571,1,197,453,652,1500,22,,,,,,,,,,,,214,,413
,32,,68,,745,10,100,190,257,700,11,,,,,,,,,,,,88,,158
,32,,69,,1227,1,242,427,566,1150,13,,,,,,,,,,,,214,,339
,32,,70,,688,2,156,254,308,650,6,,,,,,,,,,,,94,,208
,32,,71,,1240,2,203,413,526,1200,8,,,,,,,,,,,,125,,393
,32,,72,,596,1,97,184,271,550,9,,,,,,,,,,,,37,,225
,32,,73,,772,2,67,219,301,750,9,,,,,,,,,,,,144,,148
,32,,74,,902,2,139,369,461,850,24,,,,,,,,,,,,216,,221
,32,,75,,1399,1,189,424,621,1350,17,,,,,,,,,,,,89,,515
,32,,76,,475,1,56,144,202,500,6,,,,,,,,,,,,42,,154
,32,,77,,1415,4,171,369,477,1350,12,,,,,,,,,,,,119,,346
,32,,78,,1530,5,209,394,527,1450,17,,,,,,,,,,,,187,,319
,32,,79,,1551,2,245,468,641,1500,22,,,,,,,,,,,,288,,331
,32,,87,,683,4,96,230,314,650,8,,,,,,,,,,,,75,,231
,32,,88,,1129,5,112,296,415,1100,12,,,,,,,,,,,,89,,314
,32,,89,,830,3,74,208,244,800,7,,,,,,,,,,,,38,,198
,32,,90,,876,1,126,279,424,850,5,,,,,,,,,,,,68,,346
,32,,91,,1013,8,124,342,412,950,10,,,,,,,,,,,,193,,208
,32,,92,,1146,6,100,292,475,1100,9,,,,,,,,,,,,222,,244
,32,,93,,1213,1,121,300,430,1150,18,,,,,,,,,,,,73,,339
,32,,94,,1004,6,130,318,377,950,12,,,,,,,,,,,,136,,228
,32,,97,,1140,1,103,234,304,1100,5,,,,,,,,,,,,127,,172
,32,,98,,1499,4,105,198,293,1450,0,,,,,,,,,,,,86,,207
,32,,99,,1144,5,217,519,615,1100,35,,,,,,,,,,,,190,,390
,32,,100,,1150,1,250,450,623,1100,18,,,,,,,,,,,,284,,321
,32,,102,,328,0,106,184,245,350,10,,,,,,,,,,,,107,,128
,32,,103,,194,7,60,98,105,200,7,,,,,,,,,,,,44,,54
,32,,104,,193,6,59,114,160,200,7,,,,,,,,,,,,52,,101
,32,,105,,390,5,125,222,266,400,6,,,,,,,,,,,,153,,107
,32,,106,,300,3,139,207,224,300,9,,,,,,,,,,,,72,,143
,49,,1,,1180,11,239,397,521,1050,8,,,,,,,,,203,,,,,310
,49,,2,,1376,7,235,557,688,1300,20,,,,,,,,,273,,,,,395
,49,,3,,1352,4,224,486,685,1250,19,,,,,,,,,256,,,,,410
,49,,4,,1080,0,217,481,668,1050,10,,,,,,,,,352,,,,,306
,49,,5,,1091,0,229,485,660,1050,12,,,,,,,,,334,,,,,314
,49,,6,,1444,1,267,586,771,1350,9,,,,,,,,,308,,,,,453
,49,,7,,705,2,167,323,366,650,3,,,,,,,,,104,,,,,259
,49,,8,,458,1,150,278,347,500,6,,,,,,,,,148,,,,,193
,49,,9,,1082,0,303,493,625,1000,8,,,,,,,,,213,,,,,404
,49,,10,,602,3,142,212,298,550,4,,,,,,,,,92,,,,,202
,49,,11,,1405,1,306,573,796,1300,14,,,,,,,,,294,,,,,488
,49,,12,,1311,2,224,456,610,1250,7,,,,,,,,,174,,,,,429
,49,,13,,708,1,183,321,411,650,8,,,,,,,,,63,,,,,340
,49,,14,,1339,1,292,534,740,1250,20,,,,,,,,,320,,,,,400
,49,,15,,1357,3,224,417,512,1300,3,,,,,,,,,147,,,,,362
,49,,16,,674,0,107,281,346,650,7,,,,,,,,,170,,,,,169
,49,,17,,1226,2,254,528,661,1150,10,,,,,,,,,296,,,,,355
,49,,18,,1563,1,324,618,811,1500,7,,,,,,,,,320,,,,,484
,49,,19,,1239,3,246,565,757,1200,14,,,,,,,,,238,,,,,505
,49,,20,,1093,0,216,427,648,1000,12,,,,,,,,,303,,,,,333
,49,,21,,1205,2,225,433,637,1150,9,,,,,,,,,268,,,,,360
,49,,22,,1126,2,231,457,606,1050,12,,,,,,,,,206,,,,,388
,49,,23,,1286,1,296,601,736,1200,24,,,,,,,,,254,,,,,458
,49,,24,,1425,2,273,624,794,1350,10,,,,,,,,,240,,,,,544
,49,,25,,1362,1,380,590,733,1250,10,,,,,,,,,309,,,,,414
,49,,26,,1172,7,263,474,632,1100,4,,,,,,,,,269,,,,,359
,49,,27,,838,3,177,393,525,800,6,,,,,,,,,141,,,,,378
,49,,28,,543,3,139,251,338,500,5,,,,,,,,,153,,,,,180
,49,,29,,773,3,170,337,434,750,7,,,,,,,,,135,,,,,292
,49,,30,,738,2,140,348,446,700,7,,,,,,,,,150,,,,,289
,49,,31,,711,9,162,294,368,650,5,,,,,,,,,117,,,,,246
,49,,32,,818,2,200,335,459,750,9,,,,,,,,,191,,,,,259
,49,,33,,304,2,101,167,195,300,3,,,,,,,,,96,,,,,96
,52,,1,,1154,9,208,313,407,1050,5,,,,,,,,,,,,,200,202
,52,,2,,1014,6,211,372,463,900,10,,,,,,,,,,,,,214,236
,52,,3,,1000,7,151,335,448,900,12,,,,,,,,,,,,,195,241
,52,,4,,1100,7,207,371,461,1000,13,,,,,,,,,,,,,145,303
,52,,5,,1045,3,225,353,456,950,10,,,,,,,,,,,,,174,272
,52,,6,,941,2,113,293,341,850,7,,,,,,,,,,,,,217,114
,52,,7,,589,2,90,170,222,550,3,,,,,,,,,,,,,143,76
,52,,8,,965,4,190,332,448,850,8,,,,,,,,,,,,,216,224
,52,,9,,1063,1,192,351,513,1000,5,,,,,,,,,,,,,259,249
,52,,10,,293,5,85,115,133,300,2,,,,,,,,,,,,,69,62
,52,,11,,496,4,121,194,240,500,4,,,,,,,,,,,,,81,155
,52,,12,,1386,5,205,433,599,1250,11,,,,,,,,,,,,,233,355
,52,,13,,856,8,146,277,343,750,9,,,,,,,,,,,,,125,209
,52,,14,,983,6,174,331,454,900,3,,,,,,,,,,,,,104,347
,52,,15,,1053,6,250,520,603,1000,7,,,,,,,,,,,,,252,344
,52,,16,,988,4,251,362,458,900,18,,,,,,,,,,,,,205,235
,52,,17,,472,3,126,188,233,450,4,,,,,,,,,,,,,111,118
,52,,18,,312,2,86,141,160,300,3,,,,,,,,,,,,,71,86
,52,,19,,337,3,63,123,154,350,6,,,,,,,,,,,,,77,71
,52,,20,,274,0,95,150,168,300,7,,,,,,,,,,,,,46,115
,52,,21,,303,2,70,120,162,300,3,,,,,,,,,,,,,115,44
,52,,22,,586,1,60,140,239,550,4,,,,,,,,,,,,,46,189
,52,,23,,941,5,164,246,348,850,15,,,,,,,,,,,,,155,178
,52,,24,,815,0,127,252,326,750,8,,,,,,,,,,,,,135,183
,52,,25,,758,7,141,238,327,650,6,,,,,,,,,,,,,144,176
,52,,26,,803,6,127,333,415,700,8,,,,,,,,,,,,,198,209
,52,,27,,640,7,115,238,325,600,7,,,,,,,,,,,,,173,145
,52,,28,,516,7,92,201,233,500,5,,,,,,,,,,,,,97,131
,52,,29,,619,3,120,290,354,550,4,,,,,,,,,,,,,114,236
,52,,30,,634,7,135,260,305,550,6,,,,,,,,,,,,,93,206
,55,,1,,1385,6,397,693,853,1300,19,,,,,,,,,336,,,,,495
,55,,2,,1369,3,415,681,880,1250,11,,,,,,,,,310,,,,,559
,55,,3,,1415,3,444,683,903,1300,18,,,,,,,,,339,,,,,544
,55,,4,,1367,1,260,630,858,1300,14,,,,,,,,,364,,,,,477
,55,,5,,929,2,301,484,589,900,10,,,,,,,,,388,,,,,191
,55,,6,,666,1,210,368,449,600,6,,,,,,,,,143,,,,,300
,55,,7,,967,1,265,517,628,900,12,,,,,,,,,282,,,,,334
,55,,8,,822,1,262,413,526,750,7,,,,,,,,,265,,,,,254
,55,,9,,350,6,83,183,200,350,4,,,,,,,,,110,,,,,86
,55,,10,,821,5,249,422,523,750,13,,,,,,,,,188,,,,,322
,55,,11,,285,4,83,189,214,300,9,,,,,,,,,100,,,,,105
,55,,12,,895,3,287,430,563,850,8,,,,,,,,,214,,,,,341
,55,,13,,483,1,132,198,235,500,7,,,,,,,,,68,,,,,160
,55,,14,,1345,0,293,527,746,1250,16,,,,,,,,,294,,,,,436
,55,,15,,224,5,100,139,163,250,4,,,,,,,,,50,,,,,109
,55,,16,,668,4,225,374,479,650,6,,,,,,,,,169,,,,,304
,55,,17,,870,2,224,395,530,800,5,,,,,,,,,214,,,,,311
,55,,18,,876,3,246,470,588,800,2,,,,,,,,,390,,,,,196
,55,,19,,312,0,88,169,223,350,3,,,,,,,,,90,,,,,130
,55,,20,,1112,1,331,508,673,1050,10,,,,,,,,,296,,,,,367
,55,,21,,467,2,140,283,336,450,3,,,,,,,,,154,,,,,179
,55,,22,,401,1,147,254,280,400,2,,,,,,,,,150,,,,,128
,55,,23,,75,10,50,56,58,100,0,,,,,,,,,40,,,,,18
,55,,24,,993,4,243,438,543,950,9,,,,,,,,,219,,,,,315
,55,,25,,107,9,48,69,79,150,0,,,,,,,,,31,,,,,48
,55,,26,,1386,6,425,681,868,1300,19,,,,,,,,,315,,,,,534
,55,,27,,1327,7,350,586,775,1200,19,,,,,,,,,240,,,,,515
,55,,28,,947,3,219,464,605,900,16,,,,,,,,,124,,,,,465
,55,,29,,683,5,197,363,424,650,10,,,,,,,,,182,,,,,232
,57,,1,,446,9,105,154,169,450,2,,,,,,,,51,,,,,,116
,57,,2,,1180,8,304,469,532,1100,6,,,,,,,,147,,,,,,379
,57,,3,,900,7,168,295,345,850,5,,,,,,,,94,,,,,,245
,57,,4,,871,7,152,268,340,800,6,,,,,,,,80,,,,,,253
,57,,5,,852,7,194,307,360,800,10,,,,,,,,134,,,,,,215
,57,,6,,908,4,135,244,295,850,3,,,,,,,,96,,,,,,196
,57,,7,,1100,1,201,336,397,1000,6,,,,,,,,135,,,,,,256
,57,,8,,1239,4,180,277,383,1150,6,,,,,,,,140,,,,,,237
,57,,9,,586,4,151,205,281,550,3,,,,,,,,101,,,,,,177
,57,,10,,323,3,77,106,145,350,2,,,,,,,,49,,,,,,94
,57,,11,,443,5,87,152,217,450,8,,,,,,,,37,,,,,,172
,57,,12,,575,5,141,238,297,550,11,,,,,,,,81,,,,,,205
,57,,13,,739,3,242,332,395,700,8,,,,,,,,110,,,,,,277
,57,,14,,322,6,107,166,189,350,5,,,,,,,,26,,,,,,158
,57,,15,,287,5,90,148,159,300,6,,,,,,,,30,,,,,,123
,57,,16,,493,2,159,255,282,500,12,,,,,,,,63,,,,,,207
,57,,17,,285,3,74,115,140,300,1,,,,,,,,45,,,,,,94
,57,,18,,1113,3,183,348,469,1050,13,,,,,,,,189,,,,,,267
,57,,19,,130,4,50,58,72,150,4,,,,,,,,17,,,,,,51
,57,,20,,638,4,162,280,308,600,2,,,,,,,,77,,,,,,229
,57,,21,,913,3,146,221,282,850,8,,,,,,,,150,,,,,,124
,57,,22,,471,2,83,142,183,450,10,,,,,,,,69,,,,,,104
,57,,23,,436,3,88,125,161,450,10,,,,,,,,71,,,,,,79
,57,,24,,240,0,102,123,135,250,4,,,,,,,,29,,,,,,102
,57,,25,,367,0,112,147,163,350,4,,,,,,,,78,,,,,,81
,57,,26,,254,1,74,120,160,250,0,,,,,,,,24,,,,,,136
,57,,27,,418,2,164,234,246,450,5,,,,,,,,49,,,,,,192
,57,,28,,59,6,39,42,47,100,0,,,,,,,,23,,,,,,24
,57,,29,,678,2,183,275,342,650,8,,,,,,,,111,,,,,,223
,57,,30,,141,4,70,85,91,150,1,,,,,,,,13,,,,,,77
,57,,31,,976,3,161,250,304,900,2,,,,,,,,93,,,,,,209
,57,,32,,932,5,153,243,282,850,3,,,,,,,,79,,,,,,200
,57,,33,,828,4,161,270,320,750,25,,,,,,,,49,,,,,,246
,57,,34,,513,4,104,173,212,500,4,,,,,,,,110,,,,,,98
,57,,35,,975,2,173,262,322,900,8,,,,,,,,90,,,,,,224
,57,,36,,1006,5,210,326,375,950,9,,,,,,,,119,,,,,,247
,57,,37,,543,9,125,257,294,500,9,,,,,,,,92,,,,,,193
,61,,1,,1246,6,337,506,614,1200,17,,,,,,,,,,,305,,,292
,61,,2,,1276,11,282,427,583,1200,6,,,,,,,,,,,271,,,306
,61,,3,,1211,5,297,500,650,1150,10,,,,,,,,,,,286,,,354
,61,,4,,1263,4,279,591,594,1200,18,,,,,,,,,,,249,,,327
,61,,5,,432,0,103,184,253,450,2,,,,,,,,,,,125,,,126
,61,,6,,628,1,158,249,371,600,4,,,,,,,,,,,175,,,192
,61,,7,,407,1,100,173,230,450,3,,,,,,,,,,,48,,,179
,61,,8,,924,0,305,534,604,900,12,,,,,,,,,,,329,,,263
,61,,9,,1020,5,273,456,610,950,15,,,,,,,,,,,261,,,334
,61,,10,,1288,2,355,588,700,1250,10,,,,,,,,,,,400,,,290
,61,,11,,890,1,249,409,498,850,5,,,,,,,,,,,138,,,355
,61,,12,,694,3,228,373,454,650,8,,,,,,,,,,,209,,,237
,61,,13,,55,7,27,45,47,100,1,,,,,,,,,,,13,,,33
,61,,14,,526,3,160,226,256,500,5,,,,,,,,,,,88,,,163
,61,,15,,898,3,252,370,414,850,7,,,,,,,,,,,220,,,187
,61,,16,,756,5,152,273,334,700,6,,,,,,,,,,,109,,,219
,61,,17,,592,2,167,271,320,550,5,,,,,,,,,,,131,,,184
,61,,18,,873,1,197,374,478,800,7,,,,,,,,,,,146,,,325
,61,,19,,400,5,112,211,244,400,5,,,,,,,,,,,57,,,182
,61,,20,,430,2,134,188,269,450,3,,,,,,,,,,,115,,,151
,61,,21,,510,4,165,326,347,500,4,,,,,,,,,,,200,,,143
,61,,22,,701,3,165,252,327,650,1,,,,,,,,,,,169,,,157
,61,,23,,945,2,207,353,475,900,15,,,,,,,,,,,202,,,258
,61,,24,,1188,0,254,455,619,1150,7,,,,,,,,,,,279,,,333
,61,,25,,1427,2,289,466,578,1400,16,,,,,,,,,,,204,,,357
,61,,26,,991,1,185,343,433,950,5,,,,,,,,,,,86,,,342
,61,,27,,921,2,210,400,525,900,7,,,,,,,,,,,224,,,294
,61,,28,,625,4,146,255,305,600,8,,,,,,,,,,,104,,,193
,61,,29,,866,1,210,385,455,800,17,,,,,,,,,,,215,,,223
,61,,30,,462,5,122,220,255,500,4,,,,,,,,,,,101,,,150
,61,,31,,318,2,82,171,193,350,3,,,,,,,,,,,65,,,125
,61,,32,,637,2,164,286,330,600,7,,,,,,,,,,,155,,,168
,61,,33,,523,2,161,230,299,500,9,,,,,,,,,,,137,,,153
,61,,34,,371,4,93,183,216,400,4,,,,,,,,,,,88,,,124
,61,,35,,682,3,195,269,346,650,6,,,,,,,,,,,190,,,150
,61,,36,,713,4,185,255,300,650,6,,,,,,,,,,,130,,,164
,61,,37,,1472,4,326,580,705,1400,16,,,,,,,,,,,323,,,366
,61,,38,,757,7,201,305,402,700,9,,,,,,,,,,,184,,,209
,65,,1,,1136,5,135,243,339,1100,6,,,,,,,,42,,,,,,291
,65,,2,,1242,2,193,313,429,1000,11,,,,,,,,34,,,,,,384
,65,,3,,482,6,100,145,170,500,2,,,,,,,,16,,,,,,152
,65,,4,,1032,3,213,337,391,1000,9,,,,,,,,33,,,,,,349
,65,,5,,502,2,61,143,175,500,11,,,,,,,,22,,,,,,142
,65,,6,,497,6,92,159,186,500,12,,,,,,,,38,,,,,,136
,65,,7,,739,4,105,167,242,700,10,,,,,,,,47,,,,,,185
,65,,8,,591,7,103,173,222,550,3,,,,,,,,24,,,,,,195
,65,,9,,1074,3,135,290,375,1000,15,,,,,,,,61,,,,,,299
,65,,10,,899,1,116,191,306,850,5,,,,,,,,18,,,,,,283
,65,,11,,750,3,150,280,315,700,8,,,,,,,,41,,,,,,266
,65,,12,,763,1,182,290,459,750,10,,,,,,,,25,,,,,,424
,65,,13,,1349,1,166,327,447,1300,12,,,,,,,,61,,,,,,374
,65,,14,,838,0,170,260,379,800,15,,,,,,,,51,,,,,,313
,65,,15,,591,1,120,212,272,550,8,,,,,,,,123,,,,,,141
,65,,16,,382,1,62,137,166,400,5,,,,,,,,27,,,,,,133
,65,,17,,813,3,97,207,240,750,0,,,,,,,,39,,,,,,201
,65,,18,,937,1,77,191,310,900,12,,,,,,,,38,,,,,,260
,65,,19,,904,6,188,297,405,850,3,,,,,,,,26,,,,,,376
,65,,20,,538,4,79,158,216,500,11,,,,,,,,34,,,,,,171
,65,,21,,1269,1,194,335,443,1200,9,,,,,,,,33,,,,,,400
,65,,22,,612,1,124,249,297,600,13,,,,,,,,44,,,,,,240
,65,,23,,518,1,70,158,212,500,5,,,,,,,,42,,,,,,165
,65,,24,,269,4,72,107,125,300,5,,,,,,,,54,,,,,,66
,65,,25,,1059,1,146,333,453,1000,9,,,,,,,,41,,,,,,403
,65,,26,,1137,1,141,300,395,1100,8,,,,,,,,21,,,,,,366
,65,,27,,992,2,100,242,370,950,10,,,,,,,,17,,,,,,343
,65,,28,,816,2,155,310,399,800,5,,,,,,,,10,,,,,,384
,65,,29,,783,1,104,222,287,750,4,,,,,,,,23,,,,,,260
,65,,30,,1218,2,133,311,389,1150,10,,,,,,,,37,,,,,,342
,65,,31,,791,0,105,229,298,750,10,,,,,,,,27,,,,,,260
,65,,32,,1351,6,130,225,317,1300,7,,,,,,,,51,,,,,,259
,65,,33,,1294,3,154,259,361,1250,15,,,,,,,,28,,,,,,317
,65,,34,,1039,1,218,352,497,1000,8,,,,,,,,29,,,,,,460
,65,,35,,1430,1,203,344,524,1400,9,,,,,,,,26,,,,,,488
,65,,36,,1367,2,155,360,500,1300,5,,,,,,,,37,,,,,,458
,65,,37,,603,8,107,170,215,550,4,,,,,,,,16,,,,,,195
,65,,38,,690,1,128,223,316,650,10,,,,,,,,46,,,,,,260
,65,,39,,395,2,73,135,198,400,5,,,,,,,,17,,,,,,176
,81,,1,,782,8,97,183,254,700,3,,,,,,,,,60,,,,,191
,81,,2,,1059,6,84,161,234,1000,9,,,,,,,,,42,,,,,183
,81,,3,,1051,9,81,142,217,950,6,,,,,,,,,41,,,,,170
,81,,4,,1025,4,105,236,342,950,8,,,,,,,,,38,,,,,296
,81,,5,,1135,5,127,220,307,1050,5,,,,,,,,,87,,,,,215
,81,,6,,714,5,121,210,301,650,10,,,,,,,,,13,,,,,278
,81,,7,,1232,7,115,213,302,1150,9,,,,,,,,,57,,,,,236
,81,,8,,808,8,108,190,261,750,7,,,,,,,,,38,,,,,214
,81,,9,,1262,8,106,214,297,1200,11,,,,,,,,,58,,,,,228
,81,,10,,1334,6,120,190,287,1300,8,,,,,,,,,95,,,,,184
,81,,11,,1210,2,130,270,426,1150,2,,,,,,,,,121,,,,,303
,81,,12,,1501,2,200,355,489,1450,13,,,,,,,,,115,,,,,361
,81,,13,,1002,3,128,235,303,950,5,,,,,,,,,109,,,,,189
,81,,14,,1252,3,120,193,265,1200,15,,,,,,,,,106,,,,,144
,81,,15,,1489,7,165,210,336,1400,3,,,,,,,,,42,,,,,291
,81,,16,,259,2,31,49,64,250,0,,,,,,,,,13,,,,,51
,81,,17,,1238,0,167,288,343,1200,0,,,,,,,,,90,,,,,253
,81,,18,,700,4,158,252,310,650,5,,,,,,,,,142,,,,,163
,81,,19,,1360,3,166,332,393,1300,7,,,,,,,,,49,,,,,337
,81,,20,,1134,3,110,240,325,1100,16,,,,,,,,,109,,,,,200
,81,,21,,1499,6,73,240,294,1400,11,,,,,,,,,66,,,,,217
,81,,22,,1289,5,153,264,326,1200,6,,,,,,,,,54,,,,,266
,81,,23,,1361,4,224,442,572,1300,9,,,,,,,,,102,,,,,461
,81,,24,,1272,7,177,262,350,1150,4,,,,,,,,,50,,,,,296
,81,,25,,720,1,113,209,329,700,6,,,,,,,,,121,,,,,202
,81,,26,,1155,5,148,245,288,1100,7,,,,,,,,,100,,,,,181
,81,,27,,1557,5,93,196,297,1450,12,,,,,,,,,90,,,,,195
,81,,28,,519,8,44,100,132,500,4,,,,,,,,,28,,,,,100
,81,,29,,1345,8,140,236,319,1300,4,,,,,,,,,49,,,,,266
,81,,30,,959,5,97,173,240,900,0,,,,,,,,,50,,,,,186
,81,,31,,967,8,173,280,352,900,2,,,,,,,,,94,,,,,256
,81,,32,,1260,3,163,300,427,1200,8,,,,,,,,,118,,,,,301
,81,,33,,684,2,127,176,207,650,6,,,,,,,,,56,,,,,145
,81,,34,,1136,1,104,188,271,1050,9,,,,,,,,,21,,,,,241
,81,,35,,935,1,150,265,317,900,8,,,,,,,,,32,,,,,277
,81,,36,,1256,3,160,220,322,1200,6,,,,,,,,,74,,,,,242
,81,,37,,216,2,50,76,112,250,2,,,,,,,,,28,,,,,82
,81,,38,,1189,0,130,230,285,1100,5,,,,,,,,,48,,,,,232
,81,,39,,636,3,85,140,213,600,2,,,,,,,,,53,,,,,157
,81,,40,,580,4,75,142,190,550,3,,,,,,,,,16,,,,,171
,81,,41,,1330,4,154,310,371,1250,11,,,,,,,,,77,,,,,283
,81,,42,,1282,4,130,205,261,1200,8,,,,,,,,,41,,,,,212
,81,,43,,1503,9,176,289,359,1450,10,,,,,,,,,89,,,,,260
,81,,44,,1504,3,209,306,392,1450,7,,,,,,,,,114,,,,,271
,81,,45,,779,0,70,216,279,750,3,,,,,,,,,93,,,,,183
,81,,46,,1545,2,207,368,457,1500,10,,,,,,,,,181,,,,,266
,81,,47,,1134,2,103,172,243,1100,8,,,,,,,,,27,,,,,208
,81,,48,,1244,5,145,200,298,1150,12,,,,,,,,,40,,,,,246
,81,,49,,870,4,105,208,336,800,7,,,,,,,,,25,,,,,304
,81,,50,,1111,5,128,202,303,1050,5,,,,,,,,,46,,,,,252
,81,,51,,716,9,54,139,205,650,7,,,,,,,,,27,,,,,171
,81,,52,,840,9,127,203,260,750,8,,,,,,,,,89,,,,,163
,81,,53,,1004,11,90,157,201,900,4,,,,,,,,,47,,,,,150
,81,,54,,1292,8,136,224,288,1200,6,,,,,,,,,49,,,,,233
,81,,55,,852,6,109,173,243,800,3,,,,,,,,,55,,,,,185
,81,,56,,996,5,142,228,317,950,12,,,,,,,,,74,,,,,231
,81,,57,,650,5,66,132,174,600,4,,,,,,,,,54,,,,,116
,81,,58,,1003,3,160,276,352,950,8,,,,,,,,,175,,,,,169
,81,,59,,1461,2,200,300,373,1400,13,,,,,,,,,85,,,,,275
,81,,60,,819,6,126,214,281,750,6,,,,,,,,,56,,,,,219
,81,,61,,1063,7,135,248,294,1000,6,,,,,,,,,96,,,,,192
,81,,62,,617,5,63,124,162,550,2,,,,,,,,,31,,,,,129
,81,,63,,794,3,79,140,183,750,0,,,,,,,,,48,,,,,135
,81,,64,,721,4,120,207,240,650,4,,,,,,,,,62,,,,,174
,81,,65,,748,11,131,181,208,700,12,,,,,,,,,38,,,,,158
,84,,1,,866,2,174,325,482,850,6,,,,,,,,,,,337,,,139
,84,,2,,511,0,90,210,254,500,1,,,,,,,,,,,54,,,199
,84,,3,,377,1,49,107,158,400,6,,,,,,,,,,,66,,,86
,84,,4,,902,0,102,251,363,850,9,,,,,,,,,,,114,,,240
,84,,5,,535,2,64,238,294,500,4,,,,,,,,,,,259,,,31
,84,,6,,382,1,61,156,190,400,2,,,,,,,,,,,77,,,111
,84,,7,,625,4,71,187,240,600,5,,,,,,,,,,,137,,,98
,84,,8,,462,1,92,170,230,500,0,,,,,,,,,,,114,,,116
,84,,9,,665,3,100,205,257,650,9,,,,,,,,,,,128,,,120
,84,,10,,455,0,92,183,216,450,5,,,,,,,,,,,98,,,113
,84,,11,,646,0,60,217,268,600,1,,,,,,,,,,,128,,,139
,84,,12,,1030,0,85,367,484,1000,16,,,,,,,,,,,240,,,228
,84,,13,,376,3,50,164,198,400,0,,,,,,,,,,,98,,,100
,84,,14,,549,1,41,188,252,500,3,,,,,,,,,,,93,,,156
,84,,15,,344,0,60,123,149,350,2,,,,,,,,,,,75,,,72
,84,,16,,346,0,56,124,155,350,2,,,,,,,,,,,85,,,68
,84,,17,,641,0,87,232,290,600,11,,,,,,,,,,,136,,,143
,84,,18,,1170,0,265,497,559,1100,11,,,,,,,,,,,263,,,285
,84,,19,,782,3,143,290,373,750,3,,,,,,,,,,,137,,,233
,84,,20,,225,3,45,104,131,250,3,,,,,,,,,,,56,,,72
,84,,21,,296,1,74,133,162,300,4,,,,,,,,,,,45,,,113
,84,,22,,255,2,38,95,100,250,1,,,,,,,,,,,27,,,72
,84,,23,,774,0,55,151,220,750,11,,,,,,,,,,,34,,,175
,84,,24,,542,0,140,254,296,500,5,,,,,,,,,,,100,,,191
,84,,25,,400,0,50,155,170,400,1,,,,,,,,,,,55,,,114
,84,,26,,460,1,70,170,195,500,3,,,,,,,,,,,27,,,165
,84,,27,,424,0,49,141,177,450,13,,,,,,,,,,,48,,,116
,84,,28,,320,0,48,108,121,350,1,,,,,,,,,,,68,,,52
,84,,29,,245,0,49,94,108,250,2,,,,,,,,,,,42,,,64
,84,,30,,194,1,54,90,109,200,3,,,,,,,,,,,26,,,80
,84,,31,,533,0,58,144,197,500,4,,,,,,,,,,,112,,,81
,84,,32,,626,0,55,148,221,600,3,,,,,,,,,,,34,,,184
,84,,33,,317,0,68,122,155,350,2,,,,,,,,,,,45,,,108
,84,,34,,177,2,31,46,66,200,0,,,,,,,,,,,14,,,52
,84,,35,,238,1,21,74,82,250,1,,,,,,,,,,,23,,,58
,84,,36,,405,1,112,226,245,450,1,,,,,,,,,,,32,,,211
,84,,37,,431,0,52,167,214,450,1,,,,,,,,,,,55,,,158
,84,,38,,238,0,28,71,101,250,6,,,,,,,,,,,32,,,63
,84,,39,,463,0,36,150,186,500,5,,,,,,,,,,,73,,,108
,84,,40,,492,0,65,141,178,500,6,,,,,,,,,,,74,,,98
,84,,41,,537,0,86,188,202,500,4,,,,,,,,,,,94,,,104
,84,,42,,623,0,95,232,256,600,1,,,,,,,,,,,64,,,191
,84,,43,,164,1,44,93,98,200,0,,,,,,,,,,,6,,,92
,84,,44,,207,0,18,70,87,250,1,,,,,,,,,,,16,,,70
,84,,45,,272,1,29,79,129,300,3,,,,,,,,,,,40,,,86
,84,,46,,282,1,25,78,104,300,0,,,,,,,,,,,61,,,43
,84,,47,,132,2,18,51,79,150,1,,,,,,,,,,,35,,,43
,84,,48,,148,0,24,49,55,150,2,,,,,,,,,,,17,,,36
,84,,49,,393,0,70,167,203,400,4,,,,,,,,,,,79,,,120
,84,,50,,348,0,71,142,180,350,3,,,,,,,,,,,65,,,112
,84,,51,,296,0,33,109,122,300,2,,,,,,,,,,,38,,,82
,84,,52,,204,1,19,92,110,250,0,,,,,,,,,,,42,,,68
,84,,53,,258,2,32,111,129,300,0,,,,,,,,,,,28,,,101
,84,,54,,330,0,71,128,143,350,4,,,,,,,,,,,32,,,105
