shape,common_id,common_name,Total Turnout (#),Total Turnout (%),Number of Precincts with Invalid Ballots from 0-1%,Number of Precincts with Invalid Ballots from 1-3%,Number of Precincts with Invalid Ballots from 3-5%,Number of Precincts with Invalid Ballots > 5%,Invalid Ballots (%),Free Georgia,United National Movement,Movement for Fair Georgia,Christian-Democratic Movement,New Rights,Labour,Georgian Dream
Country,Georgia,Georgia,179230,58.6741,25,210,86,25,\N,0.4179,36.9397,0.255,2.8193,0.554,1.2755,57.5573
Region,Adjara,Adjara,179230,58.6741,25,210,86,25,\N,0.4179,36.9397,0.255,2.8193,0.554,1.2755,57.5573
District,79,Batumi,78296,58.2178,1,77,23,3,\N,0.5377,29.8227,0.2133,2.1444,0.4892,1.2747,65.306
District,80,Keda,10958,69.5702,4,15,9,3,\N,0.2738,47.8554,0.5019,4.1066,1.1407,1.0677,45.0538
District,83,Khelvachauri,27365,58.727,5,29,8,2,\N,0.3362,30.5317,0.285,2.9234,0.486,1.2352,63.943
District,84,Khulo,14257,58.8281,4,31,14,4,\N,0.5892,58.3082,0.2946,3.9209,1.1573,1.1784,34.4673
District,81,Kobuleti,38870,56.1389,1,40,17,7,\N,0.2264,38.8577,0.2084,2.3952,0.2753,1.3018,56.5629
District,82,Shuakhevi,9484,62.5717,10,18,15,6,\N,0.3585,61.5879,0.3585,6.6849,0.8435,1.6765,28.3952
Precinct,1,79-1,760,55.1124,\N,\N,\N,\N,3.0612,0.6579,25.2632,0.2632,2.5,0.1316,1.4474,68.4211
Precinct,2,79-2,754,56.3949,\N,\N,\N,\N,3.8265,0.6631,28.9125,0,1.061,0.3979,1.3263,67.6393
Precinct,3,79-3,777,52.571,\N,\N,\N,\N,1.8939,0.6435,29.9871,0.5148,1.8018,0.5148,1.8018,63.4492
Precinct,4,79-4,686,46.89,\N,\N,\N,\N,11.5979,0.5831,28.7172,0.1458,2.1866,0.7289,2.0408,65.5977
Precinct,5,79-5,212,38.9706,\N,\N,\N,\N,2.3041,0.4717,32.5472,0,3.3019,0,2.3585,61.3208
Precinct,6,79-6,951,64.6939,\N,\N,\N,\N,2.4615,0.9464,25.5521,0,1.1567,1.0515,1.2618,70.0315
Precinct,7,79-7,712,58.4565,\N,\N,\N,\N,2.1978,0.5618,19.8034,0.1404,1.264,0.4213,0.8427,76.9663
Precinct,8,79-8,763,62.8501,\N,\N,\N,\N,2.3047,0.6553,27.2608,0.1311,1.5727,0.3932,0.6553,69.0695
Precinct,9,79-9,777,58.5973,\N,\N,\N,\N,2.2642,0.7722,21.6216,0,1.8018,1.0296,1.4157,73.2304
Precinct,10,79-10,875,59.9726,\N,\N,\N,\N,2.0157,0.2286,27.7714,0,1.1429,0.4571,1.4857,68.5714
Precinct,11,79-11,875,58.4502,\N,\N,\N,\N,2.1253,0.5714,23.3143,0.3429,1.6,0.5714,1.0286,72.3429
Precinct,12,79-12,780,57.8635,\N,\N,\N,\N,2.0101,0.641,25.5128,0,1.7949,0.641,1.5385,69.8718
Precinct,13,79-13,832,56.4068,\N,\N,\N,\N,3.0303,1.3221,19.7115,0,0.8413,0.4808,1.0817,76.5625
Precinct,14,79-14,803,55.8414,\N,\N,\N,\N,9.9776,0.3736,29.6389,0,2.1171,0.2491,0.4981,67.1233
Precinct,15,79-15,1815,123.6376,\N,\N,\N,\N,1.5193,0.551,61.5978,0.0551,1.3223,0.1102,0.2204,35.9229
Precinct,16,79-16,957,64.7059,\N,\N,\N,\N,2.0471,1.0449,28.4222,0.1045,1.6719,0.418,1.4629,66.6667
Precinct,17,79-17,861,60.3364,\N,\N,\N,\N,1.8244,0.6969,23.9257,0,2.5552,0.3484,1.0453,71.4286
Precinct,18,79-18,852,56.7622,\N,\N,\N,\N,1.8433,1.8779,27.23,0.1174,1.9953,0.4695,1.2911,67.0188
Precinct,19,79-19,797,55.5014,\N,\N,\N,\N,2.8049,0.3764,26.5997,0.1255,2.8858,0.7528,1.1292,68.1305
Precinct,20,79-20,773,51.0905,\N,\N,\N,\N,2.5221,1.0349,30.0129,0,1.6818,0.3881,1.6818,61.0608
Precinct,21,79-21,811,53.496,\N,\N,\N,\N,1.697,0.6165,25.524,0.3699,3.0826,0.1233,0.9864,69.2972
Precinct,22,79-22,734,57.3886,\N,\N,\N,\N,2.2636,0.6812,31.8801,0.2725,2.9973,0.2725,0.4087,63.2153
Precinct,23,79-23,677,54.9959,\N,\N,\N,\N,1.7417,0.2954,30.8715,0.1477,2.5111,0.1477,2.3634,63.5155
Precinct,24,79-24,745,52.5759,\N,\N,\N,\N,2.8683,0.6711,30.4698,0.1342,2.0134,0.1342,1.2081,64.9664
Precinct,25,79-25,782,54.3811,\N,\N,\N,\N,2.372,0.7673,26.3427,0.1279,2.8133,0.2558,1.023,68.5422
Precinct,26,79-26,745,51.1325,\N,\N,\N,\N,2.4869,0,32.4832,0.4027,3.2215,0,0.8054,63.0872
Precinct,27,79-27,720,55.47,\N,\N,\N,\N,2.0408,0,29.8611,0,2.7778,0.1389,1.3889,65
Precinct,28,79-28,706,57.4451,\N,\N,\N,\N,2.0804,0.7082,30.7365,0.1416,2.5496,0.5666,1.5581,63.7394
Precinct,29,79-29,861,59.3793,\N,\N,\N,\N,2.381,0.9292,19.8606,0.3484,2.5552,0.6969,1.3937,74.0999
Precinct,30,79-30,833,56.7052,\N,\N,\N,\N,1.5366,1.3205,25.09,0,2.6411,0.2401,1.8007,68.9076
Precinct,31,79-31,832,56.8694,\N,\N,\N,\N,1.8868,0.3606,26.6827,0.2404,3.0048,0.1202,1.3221,68.0288
Precinct,32,79-32,721,55.4615,\N,\N,\N,\N,2.171,0.8322,27.8779,0.1387,2.2191,0.8322,0.8322,67.129
Precinct,33,79-33,827,56.3351,\N,\N,\N,\N,3.2749,0.9674,26.6022,0.2418,1.8138,0.3628,1.451,68.4401
Precinct,34,79-34,841,55.4018,\N,\N,\N,\N,3.4443,0.8323,28.0618,0.1189,1.308,0.5945,1.1891,67.7765
Precinct,35,79-35,817,55.806,\N,\N,\N,\N,1.3285,0.612,28.7638,0.3672,2.2032,0.3672,1.224,66.4627
Precinct,36,79-36,833,59.842,\N,\N,\N,\N,2.459,0.3601,31.5726,0.3601,2.0408,1.0804,1.8007,62.545
Precinct,37,79-37,777,59.9075,\N,\N,\N,\N,1.3959,0.5148,22.0077,0.1287,2.8314,0.1287,1.1583,73.2304
Precinct,38,79-38,853,63.3259,\N,\N,\N,\N,2.0666,0.3517,21.5709,0,1.1723,0.3517,1.993,74.5604
Precinct,39,79-39,830,57.8801,\N,\N,\N,\N,2.1226,0.6024,26.0241,0.3614,3.012,0.4819,1.6867,67.8313
Precinct,40,79-40,854,62.1996,\N,\N,\N,\N,2.0642,0.5855,25.7611,0.2342,2.1077,1.6393,3.5129,66.1593
Precinct,41,79-41,716,58.5446,\N,\N,\N,\N,2.8494,0.1397,29.7486,0.6983,2.3743,2.3743,2.2346,62.4302
Precinct,42,79-42,802,59.2757,\N,\N,\N,\N,2.1951,0.3741,31.5461,0.3741,2.8678,0.7481,1.4963,62.5935
Precinct,43,79-43,535,57.9632,\N,\N,\N,\N,1.8349,0.3738,32.7103,0,2.8037,1.8692,1.3084,60.5607
Precinct,44,79-44,771,52.2004,\N,\N,\N,\N,4.3424,1.1673,29.0532,0.3891,2.8534,0.1297,1.4267,64.9805
Precinct,45,79-45,791,56.5404,\N,\N,\N,\N,1.3716,0.7585,25.5373,0,2.5284,0.3793,0.5057,70.2908
Precinct,46,79-46,751,54.0677,\N,\N,\N,\N,3.0968,0.3995,23.968,0.2663,2.2636,0.9321,1.3316,70.5726
Precinct,47,79-47,615,56.5777,\N,\N,\N,\N,2.5357,0.3252,23.4146,0.6504,2.1138,0.4878,1.1382,71.8699
Precinct,48,79-48,700,51.395,\N,\N,\N,\N,3.0471,0.4286,22,0.4286,1.5714,0.8571,1,73.7143
Precinct,49,79-49,750,57.3833,\N,\N,\N,\N,4.5802,1.4667,24.4,0.1333,1.3333,0.4,1.6,70.4
Precinct,50,79-50,869,58.3613,\N,\N,\N,\N,2.2497,0.5754,33.0265,0.2301,2.1864,0.1151,2.0713,61.565
Precinct,51,79-51,742,55.5805,\N,\N,\N,\N,1.5915,0.6739,26.1456,0,1.752,0.5391,1.8868,68.7332
Precinct,52,79-52,857,60.5654,\N,\N,\N,\N,3.1638,0.2334,21.4702,0,1.9837,0.3501,1.5169,74.3291
Precinct,53,79-53,1380,81.1765,\N,\N,\N,\N,2.2663,0.4348,50.7971,0.1449,1.3768,0.2899,1.2319,45.5797
Precinct,54,79-54,850,62.6382,\N,\N,\N,\N,1.2776,0.7059,22.3529,0.1176,2.5882,0.3529,0.8235,72.8235
Precinct,55,79-55,516,54.3158,\N,\N,\N,\N,8.3481,0,39.5349,0.3876,1.1628,0.3876,0.969,57.1705
Precinct,56,79-56,888,59.6774,\N,\N,\N,\N,2.3102,0.9009,24.6622,0.1126,2.2523,0.1126,1.6892,70.045
Precinct,57,79-57,830,58.1232,\N,\N,\N,\N,1.8913,0.3614,21.6867,0.1205,2.5301,0.241,2.4096,72.6506
Precinct,58,79-58,778,57.758,\N,\N,\N,\N,3.2338,0.6427,24.8072,0.5141,2.9563,0.2571,1.1568,69.6658
Precinct,59,79-59,775,59.1603,\N,\N,\N,\N,3.0038,0,33.2903,0,2.4516,4.129,1.4194,58.7097
Precinct,60,79-60,772,55.6999,\N,\N,\N,\N,2.1546,0.5181,28.6269,0.1295,1.943,0.3886,0.9067,67.487
Precinct,61,79-61,599,50.2939,\N,\N,\N,\N,3.6977,1.0017,37.8965,0.5008,3.005,0,1.3356,56.2604
Precinct,62,79-62,714,53.8868,\N,\N,\N,\N,2.459,0.5602,28.8515,0,2.6611,0.1401,1.8207,65.9664
Precinct,63,79-63,835,55.4449,\N,\N,\N,\N,2.7939,0.3593,23.3533,0.1198,1.7964,0.3593,1.9162,72.0958
Precinct,64,79-64,840,57.8114,\N,\N,\N,\N,2.3256,0.2381,29.881,0,2.2619,0.4762,1.3095,65.8333
Precinct,65,79-65,896,60.1746,\N,\N,\N,\N,2.2901,1.0045,32.5893,0.558,3.3482,0.4464,1.2277,60.8259
Precinct,66,79-66,622,53.9931,\N,\N,\N,\N,3.4161,0.3215,25.4019,0.1608,1.9293,0.4823,2.2508,69.1318
Precinct,67,79-67,733,51.6925,\N,\N,\N,\N,3.1704,0.2729,32.6057,0.8186,4.2292,0.5457,0.2729,61.2551
Precinct,68,79-68,879,61.3827,\N,\N,\N,\N,2.2247,0.1138,29.124,0.4551,2.3891,0.6826,0.3413,66.6667
Precinct,69,79-69,582,62.3126,\N,\N,\N,\N,1.3559,0.3436,26.1168,0.1718,3.9519,0,1.0309,68.3849
Precinct,70,79-70,449,56.478,\N,\N,\N,\N,3.0238,0.4454,30.2895,0,2.6726,0.4454,1.3363,64.8107
Precinct,71,79-71,801,54.2316,\N,\N,\N,\N,2.6731,0.6242,22.0974,0,1.623,0.6242,1.4981,73.4082
Precinct,72,79-72,802,54.2625,\N,\N,\N,\N,1.1097,0.6234,19.0773,0.3741,1.8703,1.4963,1.8703,74.6883
Precinct,73,79-73,811,56.2413,\N,\N,\N,\N,2.0531,0.3699,22.9346,0.2466,1.7263,0,0.6165,74.106
Precinct,74,79-74,56,7.1979,\N,\N,\N,\N,1.7544,0,33.9286,0,7.1429,0,1.7857,53.5714
Precinct,75,79-75,542,63.3178,\N,\N,\N,\N,2.693,0.369,25.2768,0.1845,0.738,0.1845,0.9225,72.3247
Precinct,76,79-76,852,57.7627,\N,\N,\N,\N,1.8433,1.0563,23.5915,0,1.1737,0.2347,1.1737,72.77
Precinct,77,79-77,1171,120.4733,\N,\N,\N,\N,1.1814,0.3416,63.0231,0.1708,0.9394,0.0854,0.7686,34.0734
Precinct,78,79-78,602,58.1081,\N,\N,\N,\N,1.634,0,28.4053,0.1661,3.3223,0.1661,1.1628,66.7774
Precinct,79,79-79,751,60.5645,\N,\N,\N,\N,2.4675,0.1332,32.7563,0.3995,2.6631,0,0.9321,62.7164
Precinct,80,79-80,73,8.8164,\N,\N,\N,\N,0,1.3699,27.3973,0,4.1096,1.3699,1.3699,64.3836
Precinct,81,79-81,675,56.4854,\N,\N,\N,\N,2.7378,0.5926,29.3333,0.2963,1.3333,0.7407,1.1852,66.3704
Precinct,82,79-82,371,57.2531,\N,\N,\N,\N,2.3684,0,23.4501,0,2.6954,0,1.6173,72.2372
Precinct,83,79-83,629,50.4815,\N,\N,\N,\N,1.8721,0.4769,25.1192,0.159,1.2719,0.4769,1.2719,71.2242
Precinct,84,79-84,502,56.4045,\N,\N,\N,\N,2.1442,0,29.8805,0,1.3944,0.3984,1.1952,67.1315
Precinct,85,79-85,779,61.146,\N,\N,\N,\N,2.0126,0.1284,39.1528,0,2.9525,0.2567,1.4121,55.4557
Precinct,86,79-86,490,65.508,\N,\N,\N,\N,1.2097,0.4082,30,0,2.8571,0.8163,0.4082,65.5102
Precinct,87,79-87,887,63.9049,\N,\N,\N,\N,1.7719,0,39.2334,0.1127,1.5784,0.3382,1.0147,56.5953
Precinct,88,79-88,672,56.1873,\N,\N,\N,\N,1.6105,0,32.5893,0,1.1905,0,1.1905,64.881
Precinct,89,79-89,794,64.5528,\N,\N,\N,\N,1.6109,0.2519,28.0856,0.3778,1.5113,0.1259,0,69.6474
Precinct,90,79-90,653,50.8963,\N,\N,\N,\N,1.2103,0,24.196,0.3063,1.9908,0,1.3783,72.1286
Precinct,91,79-91,1003,65.5556,\N,\N,\N,\N,4.5671,0.2991,27.0189,0.2991,1.1964,0.3988,0.6979,70.0897
Precinct,92,79-92,924,69.526,\N,\N,\N,\N,2.4287,0.2165,31.6017,0.3247,3.1385,1.7316,0.8658,62.1212
Precinct,93,79-93,531,62.178,\N,\N,\N,\N,2.2099,0.9416,27.4953,0,1.6949,0.1883,1.6949,67.9849
Precinct,94,79-94,761,65.2659,\N,\N,\N,\N,2.5608,0.3942,32.3259,2.1025,2.7595,0.1314,1.7083,59.9212
Precinct,95,79-95,735,65.1596,\N,\N,\N,\N,2.5199,0.9524,27.2109,0.1361,1.6327,0,1.0884,68.9796
Precinct,96,79-96,817,55.4274,\N,\N,\N,\N,2.3895,0,42.9621,0.3672,3.5496,0.4896,2.2032,50.306
Precinct,97,79-97,814,55.6391,\N,\N,\N,\N,3.4401,0.4914,23.4644,0.4914,1.7199,0.7371,1.2285,71.6216
Precinct,98,79-98,720,60.2007,\N,\N,\N,\N,3.8718,0.5556,24.7222,0,2.5,0.2778,0.6944,70.6944
Precinct,99,79-99,751,61.0073,\N,\N,\N,\N,1.8301,0.1332,30.3595,0.2663,2.6631,0.1332,0.5326,65.5126
Precinct,100,79-100,513,61.8818,\N,\N,\N,\N,3.2075,0.9747,22.4172,0.3899,2.1442,1.3645,1.1696,70.5653
Precinct,101,79-101,356,82.9837,\N,\N,\N,\N,1.9284,0.8427,52.809,0.2809,0.8427,0,1.4045,43.8202
Precinct,102,79-102,670,43.5348,\N,\N,\N,\N,4.5584,0.2985,73.4328,0,2.6866,0.2985,1.9403,20.597
Precinct,103,79-103,776,51.255,\N,\N,\N,\N,4.4335,0.1289,34.7938,0.6443,2.4485,0.7732,0.9021,60.1804
Precinct,104,79-104,764,54.7278,\N,\N,\N,\N,4.1405,0.3927,23.0366,0.1309,2.6178,0.2618,0.9162,72.644
Precinct,1,80-1,898,68.4973,\N,\N,\N,\N,3.3369,0.1114,47.3274,0.2227,2.8953,1.4477,0.5568,47.4388
Precinct,2,80-2,577,69.6019,\N,\N,\N,\N,1.7036,0,57.8856,0.6932,3.8128,2.0797,0.6932,34.8354
Precinct,3,80-3,241,80.0664,\N,\N,\N,\N,2.8226,0,51.4523,0.8299,4.5643,0.4149,1.2448,41.4938
Precinct,4,80-4,342,71.5481,\N,\N,\N,\N,1.4409,0,48.2456,0,7.8947,0.8772,2.0468,40.9357
Precinct,5,80-5,221,77.8169,\N,\N,\N,\N,1.7778,0,49.7738,0.905,2.2624,1.81,1.3575,43.8914
Precinct,6,80-6,257,60.3286,\N,\N,\N,\N,1.1538,0,42.8016,1.5564,4.6693,1.1673,1.5564,48.249
Precinct,7,80-7,237,71.3855,\N,\N,\N,\N,1.25,0,42.1941,0,8.8608,0,0.4219,48.5232
Precinct,8,80-8,204,71.0801,\N,\N,\N,\N,3.7736,0,50.4902,0,3.9216,0.4902,0.4902,44.6078
Precinct,9,80-9,192,62.5407,\N,\N,\N,\N,6.7961,0,57.2917,0,5.2083,0,1.0417,36.4583
Precinct,10,80-10,410,66.0225,\N,\N,\N,\N,2.148,0.4878,48.2927,1.2195,4.1463,1.7073,0.4878,43.6585
Precinct,11,80-11,284,80,\N,\N,\N,\N,4.0541,0.3521,34.8592,0,2.8169,4.9296,0.7042,56.338
Precinct,12,80-12,296,72.0195,\N,\N,\N,\N,6.6246,0.3378,44.5946,1.3514,5.7432,0.3378,1.6892,45.9459
Precinct,13,80-13,324,69.0832,\N,\N,\N,\N,2.4096,0.3086,35.4938,2.1605,6.7901,0,0.9259,54.321
Precinct,14,80-14,478,70.8148,\N,\N,\N,\N,2.6477,0,40.3766,0.8368,3.5565,1.6736,2.0921,51.4644
Precinct,15,80-15,356,62.8975,\N,\N,\N,\N,5.0667,3.6517,41.8539,1.1236,5.3371,2.2472,0.2809,45.5056
Precinct,16,80-16,507,67.0635,\N,\N,\N,\N,4.5198,0.3945,28.5996,0.1972,5.9172,1.1834,0.789,62.9191
Precinct,17,80-17,386,71.4815,\N,\N,\N,\N,3.0151,0.5181,36.2694,0,4.9223,1.5544,1.0363,55.6995
Precinct,18,80-18,640,71.1111,\N,\N,\N,\N,2.7356,0.1563,61.5625,0.1563,3.9063,0.3125,0.625,33.2813
Precinct,19,80-19,139,78.0899,\N,\N,\N,\N,0.7143,0,70.5036,0.7194,1.4388,0.7194,0.7194,25.8993
Precinct,20,80-20,363,72.8916,\N,\N,\N,\N,3.7135,0,65.0138,0.551,2.2039,0,1.3774,30.854
Precinct,21,80-21,221,80.3636,\N,\N,\N,\N,0.8969,0,61.086,0.4525,1.81,0,2.2624,34.3891
Precinct,22,80-22,369,71.3733,\N,\N,\N,\N,4.6512,0.271,49.3225,0,3.523,1.355,1.084,44.4444
Precinct,23,80-23,314,73.3645,\N,\N,\N,\N,1.5674,0.6369,43.949,0.6369,5.414,0.3185,0.9554,48.0892
Precinct,24,80-24,175,72.314,\N,\N,\N,\N,0,0.5714,58.8571,0,1.1429,2.2857,1.7143,35.4286
Precinct,25,80-25,378,72.4138,\N,\N,\N,\N,1.0471,0,49.2063,0,3.4392,0,1.0582,46.2963
Precinct,26,80-26,373,68.1901,\N,\N,\N,\N,3.6176,0,33.244,0,3.4853,1.3405,0.8043,61.126
Precinct,27,80-27,356,63.6852,\N,\N,\N,\N,1.6575,0,50.8427,0.5618,1.9663,0.5618,1.1236,44.9438
Precinct,28,80-28,302,77.8351,\N,\N,\N,\N,0.9836,0,52.9801,0.9934,4.3046,1.6556,1.3245,38.7417
Precinct,29,80-29,563,61.8681,\N,\N,\N,\N,2.087,0.1776,46.8917,0.1776,3.0195,0.5329,1.0657,48.135
Precinct,30,80-30,212,66.0436,\N,\N,\N,\N,4.0724,0.4717,59.434,0,2.3585,0.9434,1.8868,34.9057
Precinct,31,80-31,343,66.2162,\N,\N,\N,\N,1.7192,0,48.105,0.8746,5.8309,2.3324,1.7493,41.1079
Precinct,1,81-1,449,58.9239,\N,\N,\N,\N,2.603,0.2227,38.0846,0.4454,2.0045,0.4454,0.8909,57.461
Precinct,2,81-2,581,52.8182,\N,\N,\N,\N,1.8581,0.1721,29.6041,0.1721,2.5818,0.5164,0.8606,65.7487
Precinct,3,81-3,541,51.9693,\N,\N,\N,\N,5.0877,0,28.4658,0,1.8484,0.1848,0.9242,68.5767
Precinct,4,81-4,657,62.9914,\N,\N,\N,\N,4.5058,0.6088,19.6347,0,1.3699,0.3044,0.9132,77.1689
Precinct,5,81-5,681,59.3206,\N,\N,\N,\N,2.0144,0.2937,31.5712,0.7342,1.7621,0.2937,0.4405,64.7577
Precinct,6,81-6,475,67.3759,\N,\N,\N,\N,1.8595,0.2105,28.6316,0,1.6842,0,0.4211,69.0526
Precinct,7,81-7,713,58.4426,\N,\N,\N,\N,1.9257,0.7013,22.5806,0,0.9818,0.1403,1.122,74.3338
Precinct,8,81-8,465,57.4074,\N,\N,\N,\N,2.5157,0.4301,26.0215,0,0.4301,0,0.8602,72.2581
Precinct,9,81-9,855,65.7692,\N,\N,\N,\N,2.5086,0.2339,24.9123,0,0.3509,0,0.5848,73.5673
Precinct,10,81-10,904,65.2237,\N,\N,\N,\N,3.0043,0.2212,29.8673,0.2212,1.9912,0.1106,0.3319,67.2566
Precinct,11,81-11,611,51.6484,\N,\N,\N,\N,4.232,0.3273,62.8478,0.1637,4.0917,0,1.473,31.0966
Precinct,12,81-12,896,59.853,\N,\N,\N,\N,1.9694,0,61.0491,0.3348,2.7902,1.4509,1.3393,33.0357
Precinct,13,81-13,555,57.2165,\N,\N,\N,\N,3.4783,0.1802,31.7117,0.3604,5.5856,0,1.6216,60.5405
Precinct,14,81-14,672,52.8718,\N,\N,\N,\N,2.4673,0.1488,40.4762,0,4.0179,0.1488,2.0833,52.8274
Precinct,15,81-15,761,49.6089,\N,\N,\N,\N,2.3107,0.3942,34.1656,0.5256,3.2852,0.2628,1.1827,58.8699
Precinct,16,81-16,159,50.9615,\N,\N,\N,\N,4.2169,0.6289,37.1069,0.6289,1.8868,1.2579,0.6289,56.6038
Precinct,17,81-17,732,55.3288,\N,\N,\N,\N,2.008,0,46.9945,0,3.5519,0.8197,1.2295,47.4044
Precinct,18,81-18,480,69.4645,\N,\N,\N,\N,1.8405,0,46.6667,0.625,3.3333,0,1.875,47.5
Precinct,19,81-19,864,65.405,\N,\N,\N,\N,1.4823,0.5787,29.6296,0.1157,1.5046,0.1157,0.463,67.3611
Precinct,20,81-20,752,67.083,\N,\N,\N,\N,2.3377,0.133,48.6702,0.266,2.5266,0.3989,1.1968,46.8085
Precinct,21,81-21,785,51.0403,\N,\N,\N,\N,2.1197,0.2548,33.2484,0.7643,3.8217,0.5096,2.293,59.1083
Precinct,22,81-22,653,54.0563,\N,\N,\N,\N,2.8274,0.1531,37.8254,0.3063,1.9908,0,1.072,58.6524
Precinct,23,81-23,900,66.8151,\N,\N,\N,\N,2.2801,0.5556,48.7778,0,1.7778,0.1111,1,47.7778
Precinct,24,81-24,563,41.3059,\N,\N,\N,\N,3.4305,0.7105,52.2202,0,3.5524,0.1776,1.2433,41.9183
Precinct,25,81-25,495,68.4647,\N,\N,\N,\N,2.1739,0.404,46.6667,0.404,4.2424,0,1.4141,46.8687
Precinct,26,81-26,662,52.0031,\N,\N,\N,\N,2.6471,0.1511,36.858,0,1.3595,0.3021,1.6616,59.3656
Precinct,27,81-27,694,46.1436,\N,\N,\N,\N,5.9621,0.1441,44.3804,0.4323,1.8732,0.1441,1.585,51.4409
Precinct,28,81-28,278,48.0969,\N,\N,\N,\N,1.7668,0.3597,54.3165,0,4.3165,0,1.0791,39.9281
Precinct,29,81-29,882,55.6116,\N,\N,\N,\N,2.5414,0.5669,46.2585,0.2268,1.3605,0.2268,1.9274,49.4331
Precinct,30,81-30,666,45.1832,\N,\N,\N,\N,3.7572,0.6006,39.7898,0.6006,1.0511,0.3003,1.0511,56.6066
Precinct,31,81-31,655,61.7342,\N,\N,\N,\N,3.1065,0,43.3588,0.3053,0.6107,0,1.2214,54.5038
Precinct,32,81-32,799,68.5249,\N,\N,\N,\N,1.722,0,41.6771,0.2503,1.627,0.2503,1.1264,53.0663
Precinct,33,81-33,383,57.079,\N,\N,\N,\N,14.6993,0.2611,56.1358,0,3.3943,0.2611,1.3055,38.1201
Precinct,34,81-34,494,42.2945,\N,\N,\N,\N,2.3715,0,52.6316,0.2024,1.6194,0.2024,2.2267,43.1174
Precinct,35,81-35,530,56.7452,\N,\N,\N,\N,3.2847,0,34.717,0.3774,2.0755,0.3774,2.0755,60.3774
Precinct,36,81-36,734,59.0032,\N,\N,\N,\N,2.6525,0.2725,47.139,0.1362,3.8147,0.1362,3.1335,45.3678
Precinct,37,81-37,152,71.6981,\N,\N,\N,\N,1.2987,0,53.9474,0,1.9737,0,0.6579,43.4211
Precinct,38,81-38,754,61.9556,\N,\N,\N,\N,2.584,0,25.3316,0,1.061,0,0.7958,72.679
Precinct,39,81-39,350,67.1785,\N,\N,\N,\N,1.4085,0,34.8571,0,2,0,2,60.8571
Precinct,40,81-40,384,67.9646,\N,\N,\N,\N,1.2853,0.5208,25,0,5.2083,0,1.0417,68.2292
Precinct,41,81-41,733,54.9064,\N,\N,\N,\N,4.183,0,53.206,0,2.5921,0,1.2278,42.8377
Precinct,42,81-42,642,50.5512,\N,\N,\N,\N,5.1699,0,32.0872,0,5.7632,0,1.8692,60.2804
Precinct,43,81-43,839,56.0454,\N,\N,\N,\N,2.781,0.2384,38.1406,0.3576,1.1919,0.2384,1.7878,57.6877
Precinct,44,81-44,788,51.1688,\N,\N,\N,\N,2.716,0.1269,43.0203,0.6345,2.7919,0,1.0152,52.1574
Precinct,45,81-45,438,56.7358,\N,\N,\N,\N,4.3668,0,46.347,0,2.5114,1.3699,1.3699,48.4018
Precinct,46,81-46,978,62.4123,\N,\N,\N,\N,0.4073,0,41.3088,0.409,1.1247,0,1.1247,56.0327
Precinct,47,81-47,682,59.7721,\N,\N,\N,\N,1.7291,0.1466,34.4575,0.2933,3.3724,1.0264,0.7331,59.9707
Precinct,48,81-48,688,54.8644,\N,\N,\N,\N,2.1337,0.1453,28.4884,0.1453,2.7616,0.7267,0.8721,66.2791
Precinct,49,81-49,497,59.4498,\N,\N,\N,\N,1.7787,0.2012,29.1751,0,2.0121,1.8109,2.0121,64.5875
Precinct,50,81-50,608,54.9729,\N,\N,\N,\N,2.8754,0,31.9079,0.3289,2.3026,0.4934,0.6579,64.3092
Precinct,51,81-51,443,59.7035,\N,\N,\N,\N,1.1161,0,21.219,0,0.9029,1.3544,1.5801,74.9436
Precinct,52,81-52,457,53.8915,\N,\N,\N,\N,3.9916,0.2188,35.6674,0.6565,1.9694,0.2188,1.0941,59.7374
Precinct,53,81-53,542,55.0813,\N,\N,\N,\N,2.8674,0.369,27.6753,0.1845,0.369,0,2.214,69.1882
Precinct,54,81-54,715,55.4694,\N,\N,\N,\N,2.8533,0.6993,29.7902,0.2797,0.4196,0.1399,1.3986,67.2727
Precinct,55,81-55,392,54.3689,\N,\N,\N,\N,5.5422,0,30.3571,0.5102,1.2755,0.5102,1.2755,66.0714
Precinct,56,81-56,580,59.7322,\N,\N,\N,\N,4.918,0,69.4828,0,4.4828,0,1.3793,24.6552
Precinct,57,81-57,408,55.814,\N,\N,\N,\N,3.7736,0,49.7549,0.2451,1.7157,0,0.2451,48.0392
Precinct,58,81-58,550,55.7244,\N,\N,\N,\N,5.6604,0.9091,54.3636,0,3.8182,0,2.7273,38.1818
Precinct,59,81-59,878,62.5356,\N,\N,\N,\N,2.1182,0.2278,32.9157,0,1.3667,0.1139,1.7084,63.4396
Precinct,60,81-60,535,66.2949,\N,\N,\N,\N,3.0797,0.1869,22.9907,0.1869,2.4299,0.1869,1.4953,72.5234
Precinct,61,81-61,481,42.3043,\N,\N,\N,\N,3.0242,0,51.1435,0,10.395,0,1.0395,37.2141
Precinct,62,81-62,442,60.218,\N,\N,\N,\N,2.4283,0,36.4253,0,0.6787,0.2262,1.1312,61.5385
Precinct,63,81-63,422,53.4854,\N,\N,\N,\N,4.3084,0.237,35.0711,0,2.6066,0.4739,0.9479,60.1896
Precinct,64,81-64,404,54.083,\N,\N,\N,\N,7.1264,0,54.9505,0,4.2079,0,1.2376,39.604
Precinct,65,81-65,112,11.9276,\N,\N,\N,\N,1.7544,0,42.8571,0,0.8929,0,2.6786,52.6786
Precinct,1,82-1,433,63.1195,\N,\N,\N,\N,3.7778,0,54.5035,0,4.388,0.4619,2.3095,38.3372
Precinct,2,82-2,125,54.5852,\N,\N,\N,\N,1.5748,0.8,49.6,0.8,7.2,0,7.2,34.4
Precinct,3,82-3,214,64.2643,\N,\N,\N,\N,2.7273,0,57.9439,0,6.0748,0.4673,0.9346,34.5794
Precinct,4,82-4,263,55.8386,\N,\N,\N,\N,4.7101,0.3802,57.4144,0,4.943,1.1407,5.7034,29.2776
Precinct,5,82-5,279,58.7368,\N,\N,\N,\N,4.7782,0,63.7993,0.3584,6.81,0,2.509,26.5233
Precinct,6,82-6,191,50,\N,\N,\N,\N,3.5354,0,67.0157,0,5.2356,2.0942,1.5707,24.0838
Precinct,7,82-7,102,59.6491,\N,\N,\N,\N,1.9231,0,75.4902,0,5.8824,0,1.9608,16.6667
Precinct,8,82-8,80,66.6667,\N,\N,\N,\N,2.439,0,70,0,10,2.5,1.25,16.25
Precinct,9,82-9,215,62.8655,\N,\N,\N,\N,1.3761,0.4651,55.3488,0.9302,8.3721,1.8605,1.3953,31.6279
Precinct,10,82-10,239,67.1348,\N,\N,\N,\N,3.2389,0,51.046,0,7.9498,0,2.0921,38.9121
Precinct,11,82-11,90,65.2174,\N,\N,\N,\N,9.0909,0,50,1.1111,4.4444,0,0,44.4444
Precinct,12,82-12,162,75.7009,\N,\N,\N,\N,0.6135,0,64.1975,0,6.7901,0.6173,3.0864,25.3086
Precinct,13,82-13,115,70.5521,\N,\N,\N,\N,2.5424,0,64.3478,0,5.2174,0,2.6087,27.8261
Precinct,14,82-14,372,60.4878,\N,\N,\N,\N,1.5873,0.5376,75,0,3.2258,0.8065,1.0753,19.3548
Precinct,15,82-15,390,55.0847,\N,\N,\N,\N,6.25,0,60,0.5128,3.5897,1.5385,1.7949,32.3077
Precinct,16,82-16,400,60.9756,\N,\N,\N,\N,3.1477,0,60.75,0,4,0.75,0.5,34
Precinct,17,82-17,234,61.2565,\N,\N,\N,\N,2.0921,0.4274,74.359,0.4274,4.2735,0.8547,1.7094,17.9487
Precinct,18,82-18,145,72.1393,\N,\N,\N,\N,0,0,62.7586,0,6.8966,4.1379,1.3793,24.8276
Precinct,19,82-19,74,84.0909,\N,\N,\N,\N,3.8961,1.3514,56.7568,0,22.973,0,0,18.9189
Precinct,20,82-20,222,60.4905,\N,\N,\N,\N,1.7699,0,60.8108,2.7027,15.7658,0.4505,0.9009,19.3694
Precinct,21,82-21,178,73.251,\N,\N,\N,\N,0.5587,0,74.1573,0.5618,5.618,1.1236,2.809,15.7303
Precinct,22,82-22,102,76.1194,\N,\N,\N,\N,2.8571,0,74.5098,0,8.8235,1.9608,2.9412,10.7843
Precinct,23,82-23,321,62.9412,\N,\N,\N,\N,3.6036,1.2461,46.1059,0.9346,4.0498,0.3115,1.8692,45.4829
Precinct,24,82-24,145,67.1296,\N,\N,\N,\N,0.6849,0.6897,62.069,0,6.2069,0.6897,2.069,28.2759
Precinct,25,82-25,192,71.3755,\N,\N,\N,\N,4,4.1667,59.375,0.5208,10.9375,0,1.5625,23.4375
Precinct,26,82-26,142,60.6838,\N,\N,\N,\N,3.4014,0.7042,70.4225,0,12.6761,0,0.7042,15.493
Precinct,27,82-27,212,76.259,\N,\N,\N,\N,2.3041,0,76.8868,0.4717,3.7736,0.4717,0.9434,17.4528
Precinct,28,82-28,314,61.5686,\N,\N,\N,\N,4.8485,0.9554,40.7643,1.5924,9.8726,1.5924,0.3185,44.9045
Precinct,29,82-29,186,68.6347,\N,\N,\N,\N,2.6178,0.5376,69.8925,0,6.4516,0,1.0753,22.043
Precinct,30,82-30,157,71.0407,\N,\N,\N,\N,2.4845,0.6369,68.1529,0,9.5541,0,0.6369,21.0191
Precinct,31,82-31,203,63.6364,\N,\N,\N,\N,7.3059,0,69.4581,0.4926,6.8966,0,2.4631,20.6897
Precinct,32,82-32,123,62.1212,\N,\N,\N,\N,2.381,0,69.9187,0,8.1301,0,0,21.9512
Precinct,33,82-33,72,48.9796,\N,\N,\N,\N,6.4935,0,40.2778,0,11.1111,0,4.1667,44.4444
Precinct,34,82-34,161,60.9848,\N,\N,\N,\N,2.4242,0.6211,65.2174,0,8.0745,0,0.6211,24.2236
Precinct,35,82-35,117,60.9375,\N,\N,\N,\N,0.8475,0.8547,59.8291,0.8547,9.4017,3.4188,0,25.641
Precinct,36,82-36,163,50.4644,\N,\N,\N,\N,7.3864,0,60.7362,0,6.135,1.227,1.8405,29.4479
Precinct,37,82-37,165,63.7066,\N,\N,\N,\N,0.6024,0,77.5758,0,1.8182,1.2121,0,19.3939
Precinct,38,82-38,245,57.1096,\N,\N,\N,\N,4.2969,0,62.8571,0,4.0816,0.8163,2.449,29.7959
Precinct,39,82-39,279,60.2592,\N,\N,\N,\N,2.4476,0,58.7814,0.3584,8.9606,0,1.0753,30.8244
Precinct,40,82-40,150,58.1395,\N,\N,\N,\N,2.5974,0.6667,50,0,2.6667,1.3333,2,43.3333
Precinct,41,82-41,253,66.2304,\N,\N,\N,\N,0,0,88.5375,0,0.7905,0,0.3953,10.2767
Precinct,42,82-42,206,56.4384,\N,\N,\N,\N,3.2864,1.4563,66.9903,0.4854,8.7379,1.4563,1.4563,19.4175
Precinct,43,82-43,271,66.7488,\N,\N,\N,\N,1.8116,0.369,40.5904,0.369,8.1181,1.107,2.214,47.2325
Precinct,44,82-44,112,79.4326,\N,\N,\N,\N,0.885,0,52.6786,0,8.9286,0,1.7857,36.6071
Precinct,45,82-45,150,67.2646,\N,\N,\N,\N,6.8323,0.6667,58,0,16,2.6667,0.6667,22
Precinct,46,82-46,165,56.5068,\N,\N,\N,\N,4.0698,0,45.4545,0,3.6364,1.8182,1.2121,47.8788
Precinct,47,82-47,142,71.7172,\N,\N,\N,\N,3.4014,0,72.5352,0,7.0423,0.7042,3.5211,15.493
Precinct,48,82-48,145,65.9091,\N,\N,\N,\N,0.6849,0,57.2414,2.069,6.2069,2.069,0.6897,31.7241
Precinct,49,82-49,68,71.5789,\N,\N,\N,\N,0,0,72.0588,1.4706,14.7059,1.4706,1.4706,8.8235
Precinct,1,83-1,841,58.0801,\N,\N,\N,\N,2.3229,0.2378,23.5434,0.1189,0.7134,0.2378,0.8323,74.1974
Precinct,2,83-2,828,60.8824,\N,\N,\N,\N,1.4286,0,32.0048,0.4831,2.4155,0.2415,1.3285,58.6957
Precinct,3,83-3,872,61.7564,\N,\N,\N,\N,2.8953,0.4587,24.4266,0.4587,1.3761,0.344,1.0321,71.9037
Precinct,4,83-4,458,51.2878,\N,\N,\N,\N,1.0799,0.4367,19.214,0,4.8035,0.4367,0.8734,73.3624
Precinct,5,83-5,870,55.8767,\N,\N,\N,\N,3.118,0.5747,22.9885,0.4598,1.1494,0.8046,0.4598,73.1034
Precinct,6,83-6,479,63.1094,\N,\N,\N,\N,4.3912,0.2088,29.0188,0.6263,2.2965,0.2088,2.2965,65.3445
Precinct,7,83-7,443,61.5278,\N,\N,\N,\N,3.0635,0.2257,30.6998,0.2257,1.1287,0.4515,1.5801,65.6885
Precinct,8,83-8,642,55.3926,\N,\N,\N,\N,2.5797,1.7134,26.947,0.4673,2.3364,0.6231,0.9346,68.3801
Precinct,9,83-9,398,32.8383,\N,\N,\N,\N,2.6895,0,34.6734,0,3.5176,0,0.7538,61.0553
Precinct,10,83-10,599,59.96,\N,\N,\N,\N,1.964,0,26.8781,0.1669,4.3406,0.1669,0.1669,67.4457
Precinct,11,83-11,370,63.1399,\N,\N,\N,\N,1.5957,0,27.2973,0,2.1622,0,0.5405,70
Precinct,12,83-12,750,53.7634,\N,\N,\N,\N,1.3158,0.5333,23.8667,0.1333,1.6,0,0.8,73.3333
Precinct,13,83-13,662,49.0007,\N,\N,\N,\N,10.0543,2.2659,22.2054,0.1511,2.568,0,0.3021,72.5076
Precinct,14,83-14,572,54.5281,\N,\N,\N,\N,2.7211,0.3497,31.2937,0.3497,2.972,0.3497,0.8741,63.8112
Precinct,15,83-15,800,56.0617,\N,\N,\N,\N,1.8405,0,40,0.5,3.125,0.5,3,52.125
Precinct,16,83-16,730,57.1652,\N,\N,\N,\N,2.7963,1.5068,32.6027,0.5479,1.6438,0.6849,0.6849,62.3288
Precinct,17,83-17,873,56.5049,\N,\N,\N,\N,2.567,0.4582,31.9588,0.1145,1.7182,0.1145,0.8018,64.7194
Precinct,18,83-18,912,56.7164,\N,\N,\N,\N,2.5641,0.2193,24.2325,0.2193,2.6316,0.4386,1.2061,71.0526
Precinct,19,83-19,547,47.5239,\N,\N,\N,\N,3.0142,0.1828,28.5192,0,1.0969,0.1828,1.0969,68.7386
Precinct,20,83-20,842,55.8726,\N,\N,\N,\N,3.9909,0.1188,31.7102,0.1188,2.2565,0.3563,1.5439,63.658
Precinct,21,83-21,813,56.069,\N,\N,\N,\N,2.7512,0.246,26.6913,0.738,2.337,0,0.984,69.0037
Precinct,22,83-22,784,59.3939,\N,\N,\N,\N,2.6087,0.1276,25.7653,0,2.8061,1.5306,1.148,68.6224
Precinct,23,83-23,548,64.0187,\N,\N,\N,\N,1.7921,0.1825,21.5328,0,4.3796,0.7299,0.9124,71.7153
Precinct,24,83-24,817,54.6854,\N,\N,\N,\N,2.6222,0.2448,21.9094,0.1224,2.0808,0.3672,0.9792,74.2962
Precinct,25,83-25,366,59.8039,\N,\N,\N,\N,1.8767,0.5464,18.0328,0.2732,1.9126,0.5464,1.9126,76.2295
Precinct,26,83-26,257,47.5926,\N,\N,\N,\N,0.7722,0,28.4047,0,1.9455,1.1673,2.3346,66.1479
Precinct,27,83-27,558,79.9427,\N,\N,\N,\N,1.4134,0.5376,54.4803,0.3584,3.2258,0,0.8961,40.3226
Precinct,28,83-28,698,62.0996,\N,\N,\N,\N,1.4124,0.1433,41.8338,0.7163,5.1576,0.5731,1.5759,50
Precinct,29,83-29,828,66.0814,\N,\N,\N,\N,2.7027,0.1208,37.4396,0.2415,3.5024,0.6039,0.9662,57.0048
Precinct,30,83-30,906,63.5789,\N,\N,\N,\N,0.7667,0.3311,22.7373,0.2208,1.6556,0.9934,1.9868,72.0751
Precinct,31,83-31,710,63.9064,\N,\N,\N,\N,3.0055,0.4225,33.2394,0.1408,1.6901,0.4225,1.831,61.831
Precinct,32,83-32,550,56.2948,\N,\N,\N,\N,2.4823,0.1818,29.2727,0,4.3636,0.1818,1.6364,64.1818
Precinct,33,83-33,993,66.5104,\N,\N,\N,\N,2.4558,0.2014,34.4411,0.4028,3.6254,1.007,2.0141,58.3082
Precinct,34,83-34,538,62.3407,\N,\N,\N,\N,5.1146,0,34.7584,0.7435,6.8773,0,1.3011,56.3197
Precinct,35,83-35,781,53.2742,\N,\N,\N,\N,3.1017,0.128,27.4008,0.2561,4.0973,1.1524,1.9206,64.9168
Precinct,36,83-36,435,63.6896,\N,\N,\N,\N,1.3605,0,42.2989,0.2299,6.8966,0,1.1494,49.4253
Precinct,37,83-37,908,70.7165,\N,\N,\N,\N,0,0,28.4141,0.2203,5.0661,0.3304,0.8811,65.0881
Precinct,38,83-38,365,64.3739,\N,\N,\N,\N,3.9474,0.274,37.5342,0,4.3836,0,1.0959,56.7123
Precinct,39,83-39,327,58.7074,\N,\N,\N,\N,2.9674,0,37.0031,0,7.6453,0.6116,0.9174,53.8226
Precinct,40,83-40,240,74.0741,\N,\N,\N,\N,0,0,43.3333,0,2.5,0,1.6667,51.25
Precinct,41,83-41,318,66.8067,\N,\N,\N,\N,0.9346,0,39.9371,0.9434,2.5157,1.2579,1.8868,53.4591
Precinct,42,83-42,242,78.0645,\N,\N,\N,\N,1.626,0,47.1074,0.4132,1.6529,0,0.4132,50
Precinct,43,83-43,531,67.3004,\N,\N,\N,\N,1.8484,0,55.1789,0,3.7665,1.1299,1.8832,37.6648
Precinct,44,83-44,364,71.3725,\N,\N,\N,\N,1.8868,0.5495,30.7692,1.0989,4.3956,2.4725,1.0989,59.6154
Precinct,1,84-1,542,65.2226,\N,\N,\N,\N,2.518,0.1845,62.9151,0,2.3985,0.738,0.738,33.0258
Precinct,2,84-2,335,61.4679,\N,\N,\N,\N,2.6163,0,73.1343,1.194,0.597,1.4925,1.194,22.3881
Precinct,3,84-3,205,54.3767,\N,\N,\N,\N,2.381,0.4878,51.7073,0.4878,3.9024,0.4878,0.4878,42.439
Precinct,4,84-4,488,54.5861,\N,\N,\N,\N,1.8109,0,45.9016,0.8197,1.6393,3.2787,0.4098,47.9508
Precinct,5,84-5,305,55.7587,\N,\N,\N,\N,0.974,0,74.4262,0.3279,4.5902,0,0.3279,20.3279
Precinct,6,84-6,236,61.4583,\N,\N,\N,\N,2.8807,0.4237,60.1695,0.4237,3.8136,1.6949,1.2712,32.2034
Precinct,7,84-7,343,54.9679,\N,\N,\N,\N,1.7192,0.8746,47.8134,0.5831,10.2041,0.2915,2.0408,38.1924
Precinct,8,84-8,296,64.3478,\N,\N,\N,\N,1.6611,0,65.8784,0.3378,4.3919,1.3514,0.3378,27.7027
Precinct,9,84-9,380,55.7185,\N,\N,\N,\N,2.8133,0.7895,47.3684,0,4.4737,1.5789,3.1579,42.6316
Precinct,10,84-10,298,63.0021,\N,\N,\N,\N,2.6144,0,63.7584,0,4.3624,1.6779,2.0134,28.1879
Precinct,11,84-11,324,49.4656,\N,\N,\N,\N,2.7027,0.3086,52.7778,0.3086,5.8642,0,0.3086,40.4321
Precinct,12,84-12,557,52.8463,\N,\N,\N,\N,2.4518,0.3591,41.8312,0,1.7953,0.5386,2.8725,52.6032
Precinct,13,84-13,259,65.5696,\N,\N,\N,\N,3.7175,0,39.7683,0,3.0888,0,0.3861,56.7568
Precinct,14,84-14,331,61.183,\N,\N,\N,\N,2.6471,0.3021,50.1511,0.3021,1.2085,0.3021,0.3021,47.432
Precinct,15,84-15,192,59.6273,\N,\N,\N,\N,3.5176,0.5208,64.5833,0,2.6042,0.5208,1.5625,30.2083
Precinct,16,84-16,225,60.1604,\N,\N,\N,\N,4.2553,0,80.4444,0,1.7778,0,2.2222,15.5556
Precinct,17,84-17,375,58.0495,\N,\N,\N,\N,2.3438,1.0667,52.5333,0.8,2.6667,1.8667,1.3333,39.7333
Precinct,18,84-18,708,60.1529,\N,\N,\N,\N,3.6735,0.4237,59.0395,0.1412,6.0734,0.4237,1.2712,32.3446
Precinct,19,84-19,466,59.4388,\N,\N,\N,\N,5.2846,2.5751,60.3004,0.4292,4.721,1.5021,2.1459,28.3262
Precinct,20,84-20,173,79.3578,\N,\N,\N,\N,1.7045,0.578,69.9422,0,2.8902,0.578,1.7341,24.2775
Precinct,21,84-21,202,69.6552,\N,\N,\N,\N,0.4926,1.4851,61.8812,0.9901,4.9505,3.4653,1.4851,25.7426
Precinct,22,84-22,159,62.5984,\N,\N,\N,\N,2.454,0.6289,59.7484,0,4.4025,0,0,34.5912
Precinct,23,84-23,368,46.5823,\N,\N,\N,\N,9.3596,1.3587,55.163,0.5435,3.2609,2.4457,2.1739,34.2391
Precinct,24,84-24,344,64.1791,\N,\N,\N,\N,3.9106,1.1628,69.4767,0.2907,2.3256,0,0.2907,26.1628
Precinct,25,84-25,273,63.6364,\N,\N,\N,\N,4.878,2.1978,46.5201,0,3.2967,1.0989,2.1978,44.6886
Precinct,26,84-26,293,63.6957,\N,\N,\N,\N,2.6578,0.6826,58.0205,0.3413,4.4369,0,1.0239,35.4949
Precinct,27,84-27,277,62.3874,\N,\N,\N,\N,1.4235,0.361,53.0686,0.361,3.2491,2.1661,0.361,40.4332
Precinct,28,84-28,181,51.2748,\N,\N,\N,\N,2.1622,0,71.2707,0.5525,3.8674,2.7624,0,21.547
Precinct,29,84-29,165,64.9606,\N,\N,\N,\N,1.1976,0.6061,60.6061,0,6.6667,0,1.2121,30.303
Precinct,30,84-30,135,71.4286,\N,\N,\N,\N,0.7353,0.7407,68.8889,0,4.4444,0,0.7407,25.1852
Precinct,31,84-31,286,55.3191,\N,\N,\N,\N,3.0508,0,61.1888,0.3497,2.4476,2.4476,3.1469,30.4196
Precinct,32,84-32,369,58.6645,\N,\N,\N,\N,3.1496,0.542,47.9675,0.271,5.6911,1.897,0.271,43.3604
Precinct,33,84-33,0,0,\N,\N,\N,\N,\N,\N,\N,\N,\N,\N,\N,\N
Precinct,34,84-34,118,67.8161,\N,\N,\N,\N,4.065,2.5424,62.7119,0.8475,7.6271,2.5424,0.8475,22.8814
Precinct,35,84-35,171,72.4576,\N,\N,\N,\N,0,1.1696,54.9708,0,7.0175,0,2.3392,33.3333
Precinct,36,84-36,258,62.0192,\N,\N,\N,\N,2.6415,0,53.876,0,6.2016,1.1628,0,38.3721
Precinct,37,84-37,247,53.0043,\N,\N,\N,\N,3.8911,0,65.587,0.4049,3.6437,2.834,0.4049,27.1255
Precinct,38,84-38,142,55.9055,\N,\N,\N,\N,2.7397,0.7042,57.7465,1.4085,3.5211,0.7042,1.4085,34.507
Precinct,39,84-39,277,52.5617,\N,\N,\N,\N,1.773,0,58.1227,0,4.3321,0.722,1.444,35.3791
Precinct,40,84-40,305,59.4542,\N,\N,\N,\N,4.3887,0.3279,75.7377,0.3279,1.3115,0.3279,0.6557,21.3115
Precinct,41,84-41,290,51.5098,\N,\N,\N,\N,4.918,0.6897,61.3793,0.3448,3.1034,0.3448,0.3448,33.7931
Precinct,42,84-42,353,55.8544,\N,\N,\N,\N,1.3966,0.5666,55.8074,0,3.6827,3.6827,1.983,34.2776
Precinct,43,84-43,104,58.7571,\N,\N,\N,\N,6.3063,1.9231,56.7308,0,5.7692,5.7692,0,29.8077
Precinct,44,84-44,107,51.6908,\N,\N,\N,\N,6.9565,1.8692,57.0093,0,8.4112,3.7383,0.9346,28.0374
Precinct,45,84-45,186,69.145,\N,\N,\N,\N,3.6269,0.5376,74.7312,0,2.6882,0.5376,2.6882,18.8172
Precinct,46,84-46,179,60.473,\N,\N,\N,\N,3.7634,1.676,75.9777,0.5587,3.352,0,1.1173,17.3184
Precinct,47,84-47,102,76.6917,\N,\N,\N,\N,1.9231,0,75.4902,0,8.8235,0,1.9608,13.7255
Precinct,48,84-48,95,60.5096,\N,\N,\N,\N,2.0619,0,61.0526,0,6.3158,0,2.1053,30.5263
Precinct,49,84-49,269,68.9744,\N,\N,\N,\N,1.8248,0,62.0818,0,6.3197,1.8587,0.7435,28.9963
Precinct,50,84-50,246,72.7811,\N,\N,\N,\N,2.381,0.4065,61.7886,0,3.6585,0,0,33.7398
Precinct,51,84-51,180,67.1642,\N,\N,\N,\N,2.7027,1.6667,43.3333,1.1111,2.7778,0.5556,1.1111,49.4444
Precinct,52,84-52,130,64.0394,\N,\N,\N,\N,1.5152,0,73.8462,0.7692,2.3077,0,0,23.0769
Precinct,53,84-53,177,69.685,\N,\N,\N,\N,2.7473,0,49.1525,0,2.2599,0.565,0,48.0226
Precinct,54,84-54,231,69.1617,\N,\N,\N,\N,2.5316,0.4329,41.5584,0,3.8961,1.2987,0,52.8139
